Date,Region,Store,Units.Sold,Average.Retail.Price,Sales.Rep,Endcap,Demo,Demo1.3,Demo4.5,Natural,Fitness
5/4/2010,FL,Biscayne (aka Aventura),150.7020879,4.39,0,0,0,0,0,1,0
5/11/2010,FL,Biscayne (aka Aventura),197.4037975,3.997692308,0,0,0,0,0,1,0
5/18/2010,FL,Biscayne (aka Aventura),235.1061715,3.809230769,0,0,0,0,0,1,0
5/25/2010,FL,Biscayne (aka Aventura),226.6924273,3.835,0,0,0,0,0,1,0
6/1/2010,FL,Biscayne (aka Aventura),257.6881508,3.9025,0,0,0,0,0,1,0
6/8/2010,FL,Biscayne (aka Aventura),132.9571898,4.497692308,0,0,0,0,0,1,0
6/15/2010,FL,Biscayne (aka Aventura),221.8899685,4.116666667,0,0,0,0,0,1,0
6/22/2010,FL,Biscayne (aka Aventura),245.8813564,4.116666667,0,0,0,0,0,1,0
6/29/2010,FL,Biscayne (aka Aventura),156.102535,4.116666667,0,0,0,0,0,4,0
7/6/2010,FL,Biscayne (aka Aventura),200.103966,3.747333333,0,0,0,0,0,1,0
7/13/2010,FL,Biscayne (aka Aventura),128.3960034,4.0125,0,0,0,0,0,1,0
5/4/2010,FL,Boca Raton,142.7782102,4.39,0,0,0,0,0,0,4
5/11/2010,FL,Boca Raton,237.5445543,4.235454545,0,0,0,0,0,0,4
5/18/2010,FL,Boca Raton,141.5332968,3.809230769,0,0,0,0,0,0,4
5/25/2010,FL,Boca Raton,158.0739492,3.809230769,0,0,0,0,0,0,4
6/1/2010,FL,Boca Raton,255.1177434,4.055625,0,0,0,0,0,0,4
6/8/2010,FL,Boca Raton,129.7936265,4.383333333,0,0,0,0,0,0,4
6/15/2010,FL,Boca Raton,137.7642851,4.35875,0,0,0,0,0,0,4
6/22/2010,FL,Boca Raton,306.7938187,4.35875,0,0,0,0,0,0,4
6/29/2010,FL,Boca Raton,103.3190227,4.35875,0,0,0,0,0,0,4
7/6/2010,FL,Boca Raton,240.2251772,4.0125,0,0,0,0,0,0,4
7/13/2010,FL,Boca Raton,190.024801,4.0125,0,0,0,0,0,0,4
5/4/2010,FL,Coral Gables,149.7678715,4.518571429,0,0,0,0,0,2,1
5/11/2010,FL,Coral Gables,223.6127594,3.72,0,0,0,0,0,2,1
5/18/2010,FL,Coral Gables,216.3696955,3.793636364,0,0,0,0,0,2,1
5/25/2010,FL,Coral Gables,205.5349403,3.904,0,0,0,0,0,2,1
6/1/2010,FL,Coral Gables,131.6265295,4.043333333,0,0,0,0,0,2,1
6/8/2010,FL,Coral Gables,199.9339108,4.406666667,0,1,0,0,0,2,1
6/15/2010,FL,Coral Gables,217.9518899,4.35875,0,1,0,0,0,2,1
6/22/2010,FL,Coral Gables,139.6135316,4.39,0,1,0,0,0,2,1
6/29/2010,FL,Coral Gables,106.4165657,4.520769231,0,1,0,0,0,2,1
7/6/2010,FL,Coral Gables,203.7432037,3.901538462,0,1,0,0,0,2,1
7/13/2010,FL,Coral Gables,159.4336954,4.193571429,0,0,0,0,0,2,1
5/4/2010,FL,Coral Springs,305.1832902,4.49,0,0,0,0,1,1,1
5/11/2010,FL,Coral Springs,235.457109,4.401111111,0,0,0,0,1,1,1
5/18/2010,FL,Coral Springs,239.6949019,3.809230769,0,0,0,0,0,1,1
5/25/2010,FL,Coral Springs,220.9467905,4.064,0,0,0,0,0,1,1
6/1/2010,FL,Coral Springs,233.326003,3.957857143,0,0,0,0,0,1,1
6/8/2010,FL,Coral Springs,143.7947991,3.69,0,0,0,0,0,1,1
6/15/2010,FL,Coral Springs,192.9228886,4.643846154,0,0,0,0,0,1,1
6/22/2010,FL,Coral Springs,134.7129234,4.365,0,0,0,0,0,1,1
6/29/2010,FL,Coral Springs,118.9389233,4.643846154,0,0,0,0,0,1,1
7/6/2010,FL,Coral Springs,206.2203727,3.901538462,0,0,0,0,0,1,1
7/13/2010,FL,Coral Springs,149.3833277,4.101666667,0,0,0,0,0,1,1
5/4/2010,FL,Fort Lauderdale,152.3502852,4.373333333,0,0,0,0,0,3,2
5/11/2010,FL,Fort Lauderdale,118.7681239,4.036666667,0,0,0,0,0,3,2
5/18/2010,FL,Fort Lauderdale,147.8176651,3.843571429,0,0,0,0,0,3,2
5/25/2010,FL,Fort Lauderdale,199.0933264,4.055384615,0,0,0,0,0,3,2
6/1/2010,FL,Fort Lauderdale,160.9697704,3.843571429,0,0,0,0,0,3,2
6/8/2010,FL,Fort Lauderdale,204.559129,4.104285714,0,0,0,0,0,3,2
6/15/2010,FL,Fort Lauderdale,189.2898278,4.116666667,0,0,0,0,0,3,2
6/22/2010,FL,Fort Lauderdale,177.4207836,4.104285714,0,0,0,0,0,3,2
6/29/2010,FL,Fort Lauderdale,173.991296,4.116666667,0,0,0,0,0,3,2
7/6/2010,FL,Fort Lauderdale,141.8678668,3.708571429,0,0,0,0,0,3,2
7/13/2010,FL,Fort Lauderdale,232.0623464,3.708571429,0,0,0,0,0,3,2
5/4/2010,FL,Palm Beach Gardens,179.03076,4.559230769,0,0,0,0,0,1,4
5/11/2010,FL,Palm Beach Gardens,238.2752856,4.20875,0,0,0,0,0,1,4
5/18/2010,FL,Palm Beach Gardens,163.0953412,4.055625,0,0,0,0,0,1,4
5/25/2010,FL,Palm Beach Gardens,239.5760624,4.055625,0,0,0,0,0,1,4
6/1/2010,FL,Palm Beach Gardens,204.9345108,4.055625,0,0,0,0,0,1,4
6/8/2010,FL,Palm Beach Gardens,156.4094638,4.383333333,0,0,0,0,0,1,4
6/15/2010,FL,Palm Beach Gardens,242.6888072,4.47,0,0,0,0,0,1,4
6/22/2010,FL,Palm Beach Gardens,239.123511,4.47,0,0,0,0,0,1,4
6/29/2010,FL,Palm Beach Gardens,199.0133994,4.098333333,0,0,0,0,0,1,4
7/6/2010,FL,Palm Beach Gardens,107.1330289,4.193571429,0,0,0,0,0,1,4
7/13/2010,FL,Palm Beach Gardens,241.6424287,4.371428571,0,0,0,0,0,1,4
5/4/2010,FL,Plantation,201.314071,4.39,0,0,0,0,0,2,5
5/11/2010,FL,Plantation,132.2982835,4.39,0,0,0,0,0,2,5
5/18/2010,FL,Plantation,165.5682952,4.012727273,0,0,0,0,0,2,5
5/25/2010,FL,Plantation,191.6983037,3.809230769,0,0,0,0,0,2,5
6/1/2010,FL,Plantation,182.7393891,4.146666667,0,0,0,0,0,2,5
6/8/2010,FL,Plantation,209.0979724,4.35875,0,0,0,0,0,2,5
6/15/2010,FL,Plantation,239.341231,4.35875,0,0,0,0,0,2,5
6/22/2010,FL,Plantation,137.8719007,4.116666667,0,0,0,0,0,2,5
6/29/2010,FL,Plantation,238.402812,4.336153846,0,0,0,0,0,2,5
7/6/2010,FL,Plantation,237.2250632,4.093076923,0,0,0,0,0,2,5
7/13/2010,FL,Plantation,111.4465412,4.093076923,0,0,0,0,0,2,5
5/4/2010,FL,Sarasota,128.6919114,4.39,0,0,0,0,0,1,3
5/11/2010,FL,Sarasota,281.9486279,4.39,0,0,0,0,0,1,3
5/18/2010,FL,Sarasota,197.5347911,4.145,0,0,0,0,0,1,3
5/25/2010,FL,Sarasota,265.4786215,4.216666667,0,1,0,0,0,1,3
6/1/2010,FL,Sarasota,230.4895378,3.957857143,0,1,0,0,0,1,3
6/8/2010,FL,Sarasota,119.2286587,4.116666667,0,1,0,0,0,1,3
6/15/2010,FL,Sarasota,172.0514559,4.218571429,0,1,0,0,0,1,3
6/22/2010,FL,Sarasota,189.2058763,4.597142857,0,1,0,0,0,1,3
6/29/2010,FL,Sarasota,222.5385612,4.104285714,0,1,0,0,0,1,3
7/6/2010,FL,Sarasota,115.9013064,3.907857143,0,0,0,0,0,1,3
7/13/2010,FL,Sarasota,177.0989664,3.994,0,0,0,0,0,1,3
5/4/2010,MA,Annapolis,155.8729504,3.904285714,0,0,0,0,0,1,1
5/11/2010,MA,Annapolis,193.510218,3.54,0,0,0,0,0,1,1
5/18/2010,MA,Annapolis,309.4946708,3.480909091,0,0,0,0,0,1,1
5/25/2010,MA,Annapolis,254.9288529,3.598333333,0,0,0,0,0,1,1
6/1/2010,MA,Annapolis,195.3083987,3.480909091,0,0,0,0,0,1,1
6/8/2010,MA,Annapolis,267.9387426,4.056666667,0,0,1,0,0,1,1
6/15/2010,MA,Annapolis,247.1300963,4.056666667,0,0,0,1,0,1,1
6/22/2010,MA,Annapolis,299.341685,3.714545455,0,0,0,1,0,1,1
6/29/2010,MA,Annapolis,265.7215291,4.04,0,0,0,1,0,1,1
7/6/2010,MA,Annapolis,259.0427795,3.711666667,0,0,0,0,1,1,1
7/13/2010,MA,Annapolis,280.6576747,3.711666667,0,0,0,0,1,1,1
5/4/2010,MA,Bethesda,138.2312259,3.94,0,0,0,0,0,3,3
5/11/2010,MA,Bethesda,263.2388666,3.523333333,0,0,0,0,0,3,3
5/18/2010,MA,Bethesda,119.9619815,3.547142857,0,0,0,0,0,3,3
5/25/2010,MA,Bethesda,212.3619918,3.44,0,0,0,0,0,3,3
6/1/2010,MA,Bethesda,167.0893707,3.547142857,0,0,0,0,0,3,3
6/8/2010,MA,Bethesda,293.5218341,3.523333333,0,1,1,0,0,3,3
6/15/2010,MA,Bethesda,207.8206997,3.6275,0,1,0,1,0,3,3
6/22/2010,MA,Bethesda,273.7082565,3.6275,0,1,0,1,0,3,3
6/29/2010,MA,Bethesda,252.2503762,3.523333333,0,1,0,1,0,3,3
7/6/2010,MA,Bethesda,299.6356855,3.19625,0,1,0,0,1,3,3
7/13/2010,MA,Bethesda,305.5678494,3.19625,0,1,0,0,1,3,3
5/4/2010,MA,Cedar Center,170.7025241,3.904285714,0,0,0,0,0,2,2
5/11/2010,MA,Cedar Center,115.6879978,3.904285714,0,0,0,0,0,2,2
5/18/2010,MA,Cedar Center,162.4056889,3.618571429,0,0,0,0,0,2,2
5/25/2010,MA,Cedar Center,257.487773,3.7775,0,0,0,0,0,2,2
6/1/2010,MA,Cedar Center,248.6906561,3.7775,0,0,0,0,0,2,2
6/8/2010,MA,Cedar Center,151.293412,3.7525,0,0,0,0,0,2,2
6/15/2010,MA,Cedar Center,155.605048,3.944444444,0,0,0,0,0,2,2
6/22/2010,MA,Cedar Center,110.5601987,3.856666667,0,0,0,0,0,2,2
6/29/2010,MA,Cedar Center,233.259203,3.967777778,0,0,0,0,0,2,2
7/6/2010,MA,Cedar Center,228.3250415,3.473333333,0,0,0,0,0,2,2
7/13/2010,MA,Cedar Center,221.7910534,3.473333333,0,0,0,0,0,2,2
5/4/2010,MA,Columbus,326.9644042,4.118571429,0,0,0,0,1,0,4
5/11/2010,MA,Columbus,172.1360212,4.1275,0,0,0,0,1,0,4
5/18/2010,MA,Columbus,209.2989875,3.618571429,0,0,0,0,0,0,4
5/25/2010,MA,Columbus,158.7019897,3.75625,0,0,0,0,0,0,4
6/1/2010,MA,Columbus,203.4832256,3.7775,0,0,0,0,0,0,4
6/8/2010,MA,Columbus,183.0966617,3.634444444,0,0,0,0,0,0,4
6/15/2010,MA,Columbus,162.3953116,3.7525,0,0,0,0,0,0,4
6/22/2010,MA,Columbus,372.1667482,3.735454545,0,0,1,0,0,0,4
6/29/2010,MA,Columbus,389.7593543,3.735454545,0,0,0,1,0,0,4
7/6/2010,MA,Columbus,302.6825591,3.495,0,0,0,1,0,0,4
7/13/2010,MA,Columbus,301.8969483,3.495,0,0,0,1,0,0,4
5/4/2010,MA,Fair Lakes,137.1207784,3.904285714,0,0,0,0,0,3,1
5/11/2010,MA,Fair Lakes,184.9234012,3.54,0,0,0,0,0,3,1
5/18/2010,MA,Fair Lakes,169.8355735,3.34,0,0,0,0,0,3,1
5/25/2010,MA,Fair Lakes,219.3519107,3.34,0,0,0,0,0,3,1
6/1/2010,MA,Fair Lakes,148.6403703,3.34,0,0,0,0,0,3,1
6/8/2010,MA,Fair Lakes,292.9061943,3.54,0,0,0,0,0,3,1
6/15/2010,MA,Fair Lakes,222.2763072,3.54,0,0,0,0,0,3,1
6/22/2010,MA,Fair Lakes,148.1474343,3.634444444,0,0,0,0,0,3,1
6/29/2010,MA,Fair Lakes,270.1418703,3.7525,0,0,0,0,0,3,1
7/6/2010,MA,Fair Lakes,194.1791234,3.251111111,0,0,0,0,0,3,1
7/13/2010,MA,Fair Lakes,170.5376793,3.126,0,0,0,0,0,3,1
5/4/2010,MA,Georgetown,171.5658657,3.618571429,0,0,0,0,0,2,0
5/11/2010,MA,Georgetown,227.6560624,3.618571429,0,0,0,0,0,2,0
5/18/2010,MA,Georgetown,186.2484725,3.34,0,0,0,0,0,2,0
5/25/2010,MA,Georgetown,235.9499676,3.356666667,0,0,0,0,0,2,0
6/1/2010,MA,Georgetown,193.8960576,3.34,0,0,0,0,0,2,0
6/8/2010,MA,Georgetown,293.9821208,3.54,0,0,1,0,0,2,0
6/15/2010,MA,Georgetown,288.0968741,3.54,0,0,0,1,0,2,0
6/22/2010,MA,Georgetown,220.3452306,3.523333333,0,0,0,1,0,2,0
6/29/2010,MA,Georgetown,309.7761047,3.634444444,0,0,0,1,0,2,0
7/6/2010,MA,Georgetown,252.8236582,3.126,0,0,0,0,1,2,0
7/13/2010,MA,Georgetown,274.3320821,3.19625,0,0,0,0,1,2,0
5/4/2010,MA,Jenkintown,221.1793091,3.904285714,0,0,0,0,0,1,4
5/11/2010,MA,Jenkintown,213.0256413,3.904285714,0,0,0,0,0,1,4
5/18/2010,MA,Jenkintown,239.8165698,3.618571429,0,0,0,0,0,1,4
5/25/2010,MA,Jenkintown,230.5775988,3.618571429,0,0,0,0,0,1,4
6/1/2010,MA,Jenkintown,192.0788618,3.618571429,0,0,0,0,0,1,4
6/8/2010,MA,Jenkintown,241.4148546,3.904285714,0,0,0,0,0,1,4
6/15/2010,MA,Jenkintown,129.923895,3.904285714,0,0,0,0,0,1,4
6/22/2010,MA,Jenkintown,186.5729841,3.54,0,0,0,0,0,1,4
6/29/2010,MA,Jenkintown,349.8180217,3.54,0,0,1,0,0,1,4
7/6/2010,MA,Jenkintown,285.2934539,3.126,0,0,0,1,0,1,4
7/13/2010,MA,Jenkintown,272.7344725,3.251111111,0,0,0,1,0,1,4
5/4/2010,MA,Kentlands,133.1673841,3.904285714,0,0,0,0,0,3,0
5/11/2010,MA,Kentlands,228.0906109,3.54,0,0,0,0,0,3,0
5/18/2010,MA,Kentlands,169.6714098,3.34,0,0,0,0,0,3,0
5/25/2010,MA,Kentlands,182.0003362,3.5025,0,0,0,0,0,3,0
6/1/2010,MA,Kentlands,249.755524,3.34,0,0,0,0,0,3,0
6/8/2010,MA,Kentlands,200.2779942,3.54,0,0,0,0,0,3,0
6/15/2010,MA,Kentlands,203.4750372,3.54,0,0,1,0,0,3,0
6/22/2010,MA,Kentlands,344.8022983,3.54,0,0,0,1,0,3,0
6/29/2010,MA,Kentlands,266.0185337,3.634444444,0,0,0,1,0,3,0
7/6/2010,MA,Kentlands,299.9055058,3.126,0,0,0,1,0,3,0
7/13/2010,MA,Kentlands,332.742984,3.063333333,0,0,0,0,1,3,0
5/4/2010,MA,Louisville,245.7950387,3.967777778,0,0,0,0,0,4,2
5/11/2010,MA,Louisville,215.6461187,4.056666667,0,0,0,0,0,4,2
5/18/2010,MA,Louisville,138.306791,3.598333333,0,0,0,0,0,4,2
5/25/2010,MA,Louisville,201.374155,3.598333333,0,0,0,0,0,4,2
6/1/2010,MA,Louisville,256.9859114,3.598333333,0,0,0,0,0,4,2
6/8/2010,MA,Louisville,188.1043739,4.056666667,0,0,0,0,0,4,2
6/15/2010,MA,Louisville,124.3898508,4.056666667,0,0,0,0,0,4,2
6/22/2010,MA,Louisville,156.1740682,3.735454545,0,0,0,0,0,4,2
6/29/2010,MA,Louisville,288.232609,4.056666667,0,0,0,0,0,4,2
7/6/2010,MA,Louisville,148.2659997,3.711666667,0,0,0,0,0,4,2
7/13/2010,MA,Louisville,142.4574951,3.711666667,0,0,0,0,0,4,2
5/4/2010,MA,Marlton,257.2802893,3.761428571,0,0,0,0,0,3,0
5/11/2010,MA,Marlton,164.2759468,3.523333333,0,0,0,0,0,3,0
5/18/2010,MA,Marlton,80.52511823,3.356666667,0,0,0,0,0,3,0
5/25/2010,MA,Marlton,271.6577576,3.34,0,0,0,0,0,3,0
6/1/2010,MA,Marlton,208.2902564,3.44,0,0,0,0,0,3,0
6/8/2010,MA,Marlton,332.2814549,3.511111111,0,0,1,0,0,3,0
6/15/2010,MA,Marlton,314.4378887,3.523333333,0,0,0,1,0,3,0
6/22/2010,MA,Marlton,305.0942383,3.523333333,0,0,0,1,0,3,0
6/29/2010,MA,Marlton,224.2860161,3.523333333,0,0,0,1,0,3,0
7/6/2010,MA,Marlton,215.4760785,3.063333333,0,0,0,0,1,3,0
7/13/2010,MA,Marlton,322.6974828,3.063333333,0,0,0,0,1,3,0
5/4/2010,MA,Mount Washington,237.7160629,3.904285714,0,0,0,0,0,0,0
5/11/2010,MA,Mount Washington,149.3169476,3.904285714,0,0,0,0,0,0,0
5/18/2010,MA,Mount Washington,103.8960768,3.618571429,0,0,0,0,0,0,0
5/25/2010,MA,Mount Washington,141.2090064,3.618571429,0,0,0,0,0,0,0
6/1/2010,MA,Mount Washington,216.5325626,3.618571429,0,0,0,0,0,0,0
6/8/2010,MA,Mount Washington,352.4302634,3.904285714,0,0,1,0,0,0,0
6/15/2010,MA,Mount Washington,186.6678083,3.904285714,0,0,0,1,0,0,0
6/22/2010,MA,Mount Washington,290.7796031,3.904285714,0,0,0,1,0,0,0
6/29/2010,MA,Mount Washington,273.3437135,3.904285714,0,0,0,1,0,0,0
7/6/2010,MA,Mount Washington,299.3055482,3.608571429,0,0,0,0,1,0,0
7/13/2010,MA,Mount Washington,249.2742482,3.608571429,0,0,0,0,1,0,0
5/4/2010,MA,Old Town,113.5107312,3.904285714,0,0,0,0,0,1,4
5/11/2010,MA,Old Town,267.53139,3.54,0,0,0,0,0,1,4
5/18/2010,MA,Old Town,175.8285539,3.34,0,0,0,0,0,1,4
5/25/2010,MA,Old Town,235.5675667,3.412222222,0,0,0,0,0,1,4
6/1/2010,MA,Old Town,151.3372704,3.34,0,0,0,0,0,1,4
6/8/2010,MA,Old Town,211.4232455,3.634444444,0,0,0,0,0,1,4
6/15/2010,MA,Old Town,272.302038,3.54,0,0,0,0,0,1,4
6/22/2010,MA,Old Town,163.0252892,3.54,0,0,0,0,0,1,4
6/29/2010,MA,Old Town,170.9624809,3.54,0,0,0,0,0,1,4
7/6/2010,MA,Old Town,176.1516892,3.126,0,0,0,0,0,1,4
7/13/2010,MA,Old Town,145.6504316,3.126,0,0,0,0,0,1,4
5/4/2010,MA,P Street,136.5730846,4.1275,0,0,0,0,0,1,4
5/11/2010,MA,P Street,274.9094905,3.54,0,0,0,0,0,1,4
5/18/2010,MA,P Street,201.6884472,3.598333333,0,0,0,0,0,1,4
5/25/2010,MA,P Street,173.8882742,3.598333333,0,0,0,0,0,1,4
6/1/2010,MA,P Street,253.9583351,3.598333333,0,0,0,0,0,1,4
6/8/2010,MA,P Street,236.7491477,4.056666667,0,0,0,0,0,1,4
6/15/2010,MA,P Street,269.8142453,4.056666667,0,0,0,0,0,1,4
6/22/2010,MA,P Street,348.9255606,4.056666667,0,0,1,0,0,1,4
6/29/2010,MA,P Street,243.088111,4.056666667,0,0,0,1,0,1,4
7/6/2010,MA,P Street,273.5322525,3.711666667,0,0,0,1,0,1,4
7/13/2010,MA,P Street,286.3147159,3.711666667,0,0,0,1,0,1,4
5/4/2010,MA,Philadelphia,156.6309986,3.904285714,0,0,0,0,0,4,2
5/11/2010,MA,Philadelphia,170.6444358,3.634444444,0,0,0,0,0,4,2
5/18/2010,MA,Philadelphia,186.3977398,3.34,0,0,0,0,0,4,2
5/25/2010,MA,Philadelphia,250.8764748,3.412222222,0,0,0,0,0,4,2
6/1/2010,MA,Philadelphia,199.6892794,3.404285714,0,0,0,0,0,4,2
6/8/2010,MA,Philadelphia,148.6349336,3.904285714,0,0,0,0,0,4,2
6/15/2010,MA,Philadelphia,320.9399014,3.904285714,0,0,0,0,0,4,2
6/22/2010,MA,Philadelphia,187.7274918,3.904285714,0,0,0,0,0,4,2
6/29/2010,MA,Philadelphia,235.1267258,3.904285714,0,0,0,0,0,4,2
7/6/2010,MA,Philadelphia,215.6434901,3.608571429,0,0,0,0,0,4,2
7/13/2010,MA,Philadelphia,215.0260295,3.608571429,0,0,0,0,0,4,2
5/4/2010,MA,Princeton,163.5788369,4.137142857,0,0,0,0,0,0,3
5/11/2010,MA,Princeton,240.1428387,3.74,0,0,0,0,0,0,3
5/18/2010,MA,Princeton,173.9643557,3.656666667,0,0,0,0,0,0,3
5/25/2010,MA,Princeton,208.7259185,3.34,0,0,0,0,0,0,3
6/1/2010,MA,Princeton,241.9129896,3.480909091,0,0,0,0,0,0,3
6/8/2010,MA,Princeton,199.3725547,3.735454545,0,0,0,0,0,0,3
6/15/2010,MA,Princeton,128.1594283,3.735454545,0,0,0,0,0,0,3
6/22/2010,MA,Princeton,294.9615773,3.735454545,0,0,1,0,0,0,3
6/29/2010,MA,Princeton,174.5903008,3.829,0,0,0,1,0,0,3
7/6/2010,MA,Princeton,336.4734456,3.359090909,0,0,0,1,0,0,3
7/13/2010,MA,Princeton,307.9399779,3.359090909,0,0,0,1,0,0,3
5/4/2010,MA,Rockville,171.965814,3.904285714,0,0,0,0,0,1,4
5/11/2010,MA,Rockville,254.4979563,3.904285714,0,0,0,0,0,1,4
5/18/2010,MA,Rockville,169.6036559,3.34,0,0,0,0,0,1,4
5/25/2010,MA,Rockville,128.2362601,3.34,0,0,0,0,0,1,4
6/1/2010,MA,Rockville,220.5186312,3.34,0,0,0,0,0,1,4
6/8/2010,MA,Rockville,262.8915495,3.54,0,0,0,0,0,1,4
6/15/2010,MA,Rockville,309.2205361,3.54,0,0,0,0,0,1,4
6/22/2010,MA,Rockville,243.5738441,3.54,0,0,1,0,0,1,4
6/29/2010,MA,Rockville,234.5343048,3.54,0,0,0,1,0,1,4
7/6/2010,MA,Rockville,323.5478932,3.126,0,0,0,1,0,1,4
7/13/2010,MA,Rockville,298.3900808,3.126,0,0,0,1,0,1,4
5/4/2010,MA,Short Pump,202.6898971,3.904285714,0,0,0,0,0,0,1
5/11/2010,MA,Short Pump,277.1521004,3.904285714,0,0,0,0,0,0,1
5/18/2010,MA,Short Pump,184.9413635,3.7775,0,0,0,0,0,0,1
5/25/2010,MA,Short Pump,269.4285447,3.618571429,0,0,0,0,0,0,1
6/1/2010,MA,Short Pump,226.9531454,3.5025,0,0,0,0,0,0,1
6/8/2010,MA,Short Pump,51.733293,3.967777778,0,0,0,0,0,0,1
6/15/2010,MA,Short Pump,215.3091665,3.7525,0,0,0,0,0,0,1
6/22/2010,MA,Short Pump,261.7205309,3.84,0,0,0,0,0,0,1
6/29/2010,MA,Short Pump,196.7738054,3.84,0,0,0,0,0,0,1
7/6/2010,MA,Short Pump,141.0001178,3.367142857,0,0,0,0,0,0,1
7/13/2010,MA,Short Pump,201.603222,3.661111111,0,0,0,0,0,0,1
5/4/2010,MA,Tysons,185.3763259,3.7525,0,0,0,0,0,0,5
5/11/2010,MA,Tysons,220.860644,3.54,0,0,0,0,0,0,5
5/18/2010,MA,Tysons,180.132464,3.34,0,0,0,0,0,0,5
5/25/2010,MA,Tysons,221.7446959,3.34,0,0,0,0,0,0,5
6/1/2010,MA,Tysons,196.8666825,3.412222222,0,0,0,0,0,0,5
6/8/2010,MA,Tysons,233.5011061,3.634444444,0,0,0,0,0,0,5
6/15/2010,MA,Tysons,312.2376234,3.7525,0,0,1,0,0,0,5
6/22/2010,MA,Tysons,257.853053,3.634444444,0,0,0,1,0,0,5
6/29/2010,MA,Tysons,276.0498738,4.056666667,0,0,0,1,0,0,5
7/6/2010,MA,Tysons,330.7167597,3.126,0,0,0,1,0,0,5
7/13/2010,MA,Tysons,320.6107173,3.531818182,0,0,0,0,1,0,5
5/4/2010,MA,Vienna,204.412955,3.565,0,0,0,0,0,1,4
5/11/2010,MA,Vienna,177.7028143,3.54,0,0,0,0,0,1,4
5/18/2010,MA,Vienna,98.09849848,3.34,0,0,0,0,0,1,4
5/25/2010,MA,Vienna,177.7613215,3.412222222,0,0,0,0,0,1,4
6/1/2010,MA,Vienna,213.8990938,3.34,0,0,0,0,0,1,4
6/8/2010,MA,Vienna,193.923992,3.634444444,0,0,0,0,0,1,4
6/15/2010,MA,Vienna,201.3526781,3.475714286,0,0,0,0,0,1,4
6/22/2010,MA,Vienna,195.1513437,3.54,0,0,0,0,0,1,4
6/29/2010,MA,Vienna,177.5904676,3.54,0,0,0,0,0,1,4
7/6/2010,MA,Vienna,173.6738297,3.126,0,0,0,0,0,1,4
7/13/2010,MA,Vienna,158.1196591,3.4075,0,0,0,0,0,1,4
5/4/2010,MW,Ann Arbor,171.0214757,4.19,1,0,0,0,0,2,3
5/11/2010,MW,Ann Arbor,213.9271823,4.69,1,0,0,0,0,2,3
5/18/2010,MW,Ann Arbor,303.141832,4.1525,1,0,0,0,0,2,3
5/25/2010,MW,Ann Arbor,234.5305787,4.301111111,1,0,0,0,0,2,3
6/1/2010,MW,Ann Arbor,269.0856797,3.671818182,1,0,0,0,0,2,3
6/8/2010,MW,Ann Arbor,300.5484223,4.062727273,1,0,0,0,0,2,3
6/15/2010,MW,Ann Arbor,288.1801844,4.39,1,0,1,0,0,2,3
6/22/2010,MW,Ann Arbor,396.249582,4.39,1,0,1,1,0,2,3
6/29/2010,MW,Ann Arbor,256.5501374,3.735454545,1,0,0,1,0,2,3
7/6/2010,MW,Ann Arbor,295.899004,3.910769231,1,0,0,1,0,2,3
7/13/2010,MW,Ann Arbor,456.4665898,4.111666667,1,0,0,1,1,2,3
5/4/2010,MW,Deerfield,309.3677136,4.612222222,1,0,0,0,0,3,3
5/11/2010,MW,Deerfield,350.665364,4.59,1,0,0,0,0,3,3
5/18/2010,MW,Deerfield,346.5922484,3.765,1,0,0,0,0,3,3
5/25/2010,MW,Deerfield,265.6510404,3.713076923,1,0,0,0,0,3,3
6/1/2010,MW,Deerfield,288.2923555,4.135454545,1,0,0,0,0,3,3
6/8/2010,MW,Deerfield,344.0580897,4.075714286,1,0,1,0,0,3,3
6/15/2010,MW,Deerfield,308.4614136,4.075714286,1,0,0,1,0,3,3
6/22/2010,MW,Deerfield,350.9047428,3.59,1,0,0,1,0,3,3
6/29/2010,MW,Deerfield,333.0656462,4.056666667,1,0,0,1,0,3,3
7/6/2010,MW,Deerfield,352.88013,3.373571429,1,0,0,0,1,3,3
7/13/2010,MW,Deerfield,348.1213702,4.114,1,0,0,0,1,3,3
5/4/2010,MW,Galleria,314.5617654,4.167777778,1,0,0,0,0,1,4
5/11/2010,MW,Galleria,197.9266282,4.167777778,1,0,0,0,0,1,4
5/18/2010,MW,Galleria,204.7918387,3.543846154,1,0,0,0,0,1,4
5/25/2010,MW,Galleria,181.4740558,3.64,1,0,0,0,0,1,4
6/1/2010,MW,Galleria,287.2427631,3.543846154,1,0,0,0,0,1,4
6/8/2010,MW,Galleria,112.2914222,3.774615385,1,0,0,0,0,1,4
6/15/2010,MW,Galleria,232.4018779,3.818571429,1,0,0,0,0,1,4
6/22/2010,MW,Galleria,227.4403156,3.818571429,1,0,0,0,0,1,4
6/29/2010,MW,Galleria,279.6623611,3.818571429,1,0,0,0,0,1,4
7/6/2010,MW,Galleria,253.473038,3.373571429,1,0,0,0,0,1,4
7/13/2010,MW,Galleria,231.8325686,3.373571429,1,0,0,0,0,1,4
5/4/2010,MW,Gold Coast,207.1220685,4.612222222,1,0,0,0,0,1,5
5/11/2010,MW,Gold Coast,191.0031173,4.612222222,1,0,0,0,0,1,5
5/18/2010,MW,Gold Coast,209.2027526,4,1,0,0,0,0,1,5
5/25/2010,MW,Gold Coast,334.1713447,3.834444444,1,0,0,0,0,1,5
6/1/2010,MW,Gold Coast,269.5359385,3.73,1,0,0,0,0,1,5
6/8/2010,MW,Gold Coast,345.8266349,4.096666667,1,0,0,0,0,1,5
6/15/2010,MW,Gold Coast,232.0593602,4.075714286,1,0,0,0,0,1,5
6/22/2010,MW,Gold Coast,196.2441326,4.096666667,1,0,0,0,0,1,5
6/29/2010,MW,Gold Coast,269.9641056,4.075714286,1,0,0,0,0,1,5
7/6/2010,MW,Gold Coast,256.6148903,3.5375,1,0,0,0,0,1,5
7/13/2010,MW,Gold Coast,244.1938715,3.496363636,1,0,0,0,0,1,5
5/4/2010,MW,Lake Calhoun (aka Minneapolis),173.6115469,4.55,1,0,0,0,0,1,2
5/11/2010,MW,Lake Calhoun (aka Minneapolis),279.7689366,4.023333333,1,0,0,0,0,1,2
5/18/2010,MW,Lake Calhoun (aka Minneapolis),237.1546487,3.73,1,0,0,0,0,1,2
5/25/2010,MW,Lake Calhoun (aka Minneapolis),253.0238445,3.73,1,0,0,0,0,1,2
6/1/2010,MW,Lake Calhoun (aka Minneapolis),208.0575834,3.898333333,1,0,0,0,0,1,2
6/8/2010,MW,Lake Calhoun (aka Minneapolis),275.3953834,4.096666667,1,0,0,0,0,1,2
6/15/2010,MW,Lake Calhoun (aka Minneapolis),272.4450364,4.618571429,1,0,0,0,0,1,2
6/22/2010,MW,Lake Calhoun (aka Minneapolis),257.0564762,4.096666667,1,0,0,0,0,1,2
6/29/2010,MW,Lake Calhoun (aka Minneapolis),347.2346327,4.34,1,0,1,0,0,1,2
7/6/2010,MW,Lake Calhoun (aka Minneapolis),288.6249088,3.681333333,1,0,0,1,0,1,2
7/13/2010,MW,Lake Calhoun (aka Minneapolis),330.8590081,3.630714286,1,0,0,1,0,1,2
5/4/2010,MW,Lakeview,66.38665321,4.612222222,1,0,0,0,0,2,3
5/11/2010,MW,Lakeview,267.6901728,4.612222222,1,0,0,0,0,2,3
5/18/2010,MW,Lakeview,191.36819,4,1,0,0,0,0,2,3
5/25/2010,MW,Lakeview,285.8588516,3.956666667,1,0,0,0,0,2,3
6/1/2010,MW,Lakeview,275.693844,3.671818182,1,0,0,0,0,2,3
6/8/2010,MW,Lakeview,226.2260834,4.075714286,1,0,0,0,0,2,3
6/15/2010,MW,Lakeview,413.4779612,3.774615385,1,0,1,0,0,2,3
6/22/2010,MW,Lakeview,326.3314759,4.075714286,1,0,0,1,0,2,3
6/29/2010,MW,Lakeview,460.8690318,4.475714286,1,0,1,1,0,2,3
7/6/2010,MW,Lakeview,352.8779138,3.681333333,1,0,0,1,0,2,3
7/13/2010,MW,Lakeview,412.9590874,3.478333333,1,0,0,1,1,2,3
5/4/2010,MW,Milwaukee,248.8694567,4.167777778,1,0,0,0,0,3,3
5/11/2010,MW,Milwaukee,332.2442423,4.167777778,1,0,0,0,0,3,3
5/18/2010,MW,Milwaukee,309.7899002,3.765,1,0,0,0,0,3,3
5/25/2010,MW,Milwaukee,201.8570328,4,1,0,0,0,0,3,3
6/1/2010,MW,Milwaukee,245.5382182,3.834444444,1,0,0,0,0,3,3
6/8/2010,MW,Milwaukee,210.8697621,4.167777778,1,0,0,0,0,3,3
6/15/2010,MW,Milwaukee,359.9615275,4.208181818,1,0,1,0,0,3,3
6/22/2010,MW,Milwaukee,263.1659601,4.535454545,1,0,0,1,0,3,3
6/29/2010,MW,Milwaukee,370.3729795,4.356666667,1,0,0,1,0,3,3
7/6/2010,MW,Milwaukee,242.7698314,3.884545455,1,0,0,1,0,3,3
7/13/2010,MW,Milwaukee,375.2480812,3.884545455,1,0,0,0,1,3,3
5/4/2010,MW,New Lincoln Park (aka Lincoln Park),157.7269936,4.55,1,0,0,0,0,2,5
5/11/2010,MW,New Lincoln Park (aka Lincoln Park),301.3081808,4.862727273,1,0,0,0,0,2,5
5/18/2010,MW,New Lincoln Park (aka Lincoln Park),238.5930647,4.135454545,1,0,0,0,0,2,5
5/25/2010,MW,New Lincoln Park (aka Lincoln Park),315.894206,4.135454545,1,0,0,0,0,2,5
6/1/2010,MW,New Lincoln Park (aka Lincoln Park),220.0981472,4.135454545,1,0,0,0,0,2,5
6/8/2010,MW,New Lincoln Park (aka Lincoln Park),368.0769799,4.34,1,0,1,0,0,2,5
6/15/2010,MW,New Lincoln Park (aka Lincoln Park),325.7257559,4.096666667,1,0,0,1,0,2,5
6/22/2010,MW,New Lincoln Park (aka Lincoln Park),379.6878697,4.12,1,0,1,1,0,2,5
6/29/2010,MW,New Lincoln Park (aka Lincoln Park),348.6569991,4.089375,1,0,0,1,0,2,5
7/6/2010,MW,New Lincoln Park (aka Lincoln Park),416.2537313,3.950625,1,0,0,1,1,2,5
7/13/2010,MW,New Lincoln Park (aka Lincoln Park),471.9848441,3.950625,1,0,0,1,1,2,5
5/4/2010,MW,Northbrook,359.431464,3.5,1,0,0,0,0,2,3
5/11/2010,MW,Northbrook,261.9962331,3.5,1,0,0,0,0,2,3
5/18/2010,MW,Northbrook,246.996688,3.507692308,1,0,0,0,0,2,3
5/25/2010,MW,Northbrook,232.1333579,3.492666667,1,0,0,0,0,2,3
6/1/2010,MW,Northbrook,284.2294997,3.65,1,0,0,0,0,2,3
6/8/2010,MW,Northbrook,329.2498807,2.944,1,0,1,0,0,2,3
6/15/2010,MW,Northbrook,373.44485,2.899333333,1,0,0,1,0,2,3
6/22/2010,MW,Northbrook,335.2649219,3.39125,1,0,0,1,0,2,3
6/29/2010,MW,Northbrook,408.4351762,3.084666667,1,0,0,1,0,2,3
7/6/2010,MW,Northbrook,341.31526,3.685625,1,0,0,0,1,2,3
7/13/2010,MW,Northbrook,324.4757675,3.362666667,1,0,0,0,1,2,3
5/4/2010,MW,Palatine,226.8354053,4.19,1,0,0,0,0,1,5
5/11/2010,MW,Palatine,319.3715968,4.167777778,1,0,0,0,0,1,5
5/18/2010,MW,Palatine,279.9385105,3.765,1,0,0,0,0,1,5
5/25/2010,MW,Palatine,197.5070689,3.765,1,0,0,0,0,1,5
6/1/2010,MW,Palatine,280.706848,3.69,1,0,0,0,0,1,5
6/8/2010,MW,Palatine,220.5139276,3.805384615,1,0,0,0,0,1,5
6/15/2010,MW,Palatine,270.4909181,4.075714286,1,0,0,0,0,1,5
6/22/2010,MW,Palatine,350.2439807,3.818571429,1,0,1,0,0,1,5
6/29/2010,MW,Palatine,320.6792159,4.218571429,1,0,0,1,0,1,5
7/6/2010,MW,Palatine,270.8775494,3.737857143,1,0,0,1,0,1,5
7/13/2010,MW,Palatine,373.011998,3.441538462,1,0,0,1,0,1,5
5/4/2010,MW,Regency (aka Omaha),180.4948971,3.83,1,0,0,0,0,3,5
5/11/2010,MW,Regency (aka Omaha),224.6308316,3.774615385,1,0,0,0,0,3,5
5/18/2010,MW,Regency (aka Omaha),213.2358428,3.604285714,1,0,0,0,0,3,5
5/25/2010,MW,Regency (aka Omaha),184.0285165,3.543846154,1,0,0,0,0,3,5
6/1/2010,MW,Regency (aka Omaha),264.3346497,3.64,1,0,0,0,0,3,5
6/8/2010,MW,Regency (aka Omaha),239.648476,3.844545455,1,0,0,0,0,3,5
6/15/2010,MW,Regency (aka Omaha),334.0207945,3.79,1,0,0,0,0,3,5
6/22/2010,MW,Regency (aka Omaha),203.4829899,3.774615385,1,0,0,0,0,3,5
6/29/2010,MW,Regency (aka Omaha),243.9585826,3.723333333,1,0,0,0,0,3,5
7/6/2010,MW,Regency (aka Omaha),277.351576,3.295384615,1,0,0,0,0,3,5
7/13/2010,MW,Regency (aka Omaha),337.1564104,3.295384615,1,0,0,0,0,3,5
5/4/2010,MW,Sauganash,287.9109581,4.19,1,0,0,0,0,0,4
5/11/2010,MW,Sauganash,283.361797,4.167777778,1,0,0,0,0,0,4
5/18/2010,MW,Sauganash,240.7845275,3.543846154,1,0,0,0,0,0,4
5/25/2010,MW,Sauganash,190.7885673,3.73,1,0,0,0,0,0,4
6/1/2010,MW,Sauganash,182.6799882,3.825714286,1,0,0,0,0,0,4
6/8/2010,MW,Sauganash,295.7677481,3.928461538,1,0,0,0,0,0,4
6/15/2010,MW,Sauganash,227.786707,3.74,1,0,0,0,0,0,4
6/22/2010,MW,Sauganash,180.2632308,3.74,1,0,0,0,0,0,4
6/29/2010,MW,Sauganash,171.3150902,3.643571429,1,0,0,0,0,0,4
7/6/2010,MW,Sauganash,305.1955836,3.518,1,0,0,0,0,0,4
7/13/2010,MW,Sauganash,260.9132819,3.781666667,1,0,0,0,0,0,4
5/4/2010,MW,South Loop,194.9929411,4.167777778,1,0,0,0,0,0,2
5/11/2010,MW,South Loop,272.0047931,4.55,1,0,0,0,0,0,2
5/18/2010,MW,South Loop,287.8090174,3.628461538,1,0,0,0,0,0,2
5/25/2010,MW,South Loop,249.9136427,3.761428571,1,0,0,0,0,0,2
6/1/2010,MW,South Loop,331.067552,3.682857143,1,0,0,0,0,0,2
6/8/2010,MW,South Loop,294.7779806,4.096666667,1,0,0,0,0,0,2
6/15/2010,MW,South Loop,428.2595047,4.096666667,1,0,0,0,0,0,2
6/22/2010,MW,South Loop,303.9449544,4.336666667,1,0,1,0,0,0,2
6/29/2010,MW,South Loop,422.672581,3.391875,1,0,1,1,0,0,2
7/6/2010,MW,South Loop,305.5310704,3.578125,1,0,0,1,0,0,2
7/13/2010,MW,South Loop,363.0629729,2.947857143,1,0,0,1,0,0,2
5/4/2010,MW,West Bloomfield,232.2630467,4.167777778,1,0,0,0,0,1,4
5/11/2010,MW,West Bloomfield,221.1520091,4.167777778,1,0,0,0,0,1,4
5/18/2010,MW,West Bloomfield,283.4739523,4,1,0,0,0,0,1,4
5/25/2010,MW,West Bloomfield,238.0848204,3.834444444,1,0,0,0,0,1,4
6/1/2010,MW,West Bloomfield,252.7325794,4,1,0,0,0,0,1,4
6/8/2010,MW,West Bloomfield,299.9031771,4.55,1,0,0,0,0,1,4
6/15/2010,MW,West Bloomfield,289.2226541,4.55,1,0,0,0,0,1,4
6/22/2010,MW,West Bloomfield,400.7400638,4.55,1,0,1,0,0,1,4
6/29/2010,MW,West Bloomfield,311.8145903,3.723333333,1,0,0,1,0,1,4
7/6/2010,MW,West Bloomfield,338.5750692,3.572307692,1,0,0,1,0,1,4
7/13/2010,MW,West Bloomfield,214.4619394,3.572307692,1,0,0,1,0,1,4
5/4/2010,MW,Wheaton,268.6074584,4.612222222,1,0,0,0,0,2,4
5/11/2010,MW,Wheaton,341.0081677,4.612222222,1,0,0,0,0,2,4
5/18/2010,MW,Wheaton,175.1903385,4.067777778,1,0,0,0,0,2,4
5/25/2010,MW,Wheaton,219.9378745,4.067777778,1,0,0,0,0,2,4
6/1/2010,MW,Wheaton,306.6841734,3.705384615,1,0,0,0,0,2,4
6/8/2010,MW,Wheaton,215.1143345,4.104285714,1,0,0,0,0,2,4
6/15/2010,MW,Wheaton,196.4488061,4.39,1,0,1,0,0,2,4
6/22/2010,MW,Wheaton,366.058959,4.082307692,1,0,0,1,0,2,4
6/29/2010,MW,Wheaton,260.0766947,4.056666667,1,0,0,1,0,2,4
7/6/2010,MW,Wheaton,345.8488511,3.633846154,1,0,0,1,0,2,4
7/13/2010,MW,Wheaton,346.951214,3.659285714,1,0,0,0,1,2,4
5/4/2010,MW,Willowbrook,236.5171095,4.55,1,0,0,0,0,3,3
5/11/2010,MW,Willowbrook,200.7607148,4.096666667,1,0,0,0,0,3,3
5/18/2010,MW,Willowbrook,255.7022347,3.936666667,1,0,0,0,0,3,3
5/25/2010,MW,Willowbrook,269.4729273,3.84,1,0,0,0,0,3,3
6/1/2010,MW,Willowbrook,199.047574,3.73,1,0,0,0,0,3,3
6/8/2010,MW,Willowbrook,239.1317759,4.34,1,0,0,0,0,3,3
6/15/2010,MW,Willowbrook,257.5351123,4.096666667,1,0,0,0,0,3,3
6/22/2010,MW,Willowbrook,467.4735268,4.096666667,1,0,1,0,0,3,3
6/29/2010,MW,Willowbrook,487.9991175,4.34,1,0,1,1,0,3,3
7/6/2010,MW,Willowbrook,296.3423869,3.681333333,1,0,0,1,0,3,3
7/13/2010,MW,Willowbrook,329.3500075,3.950625,1,0,0,1,0,3,3
5/4/2010,NA,Bedford,185.9306779,4.204285714,0,0,0,0,0,2,5
5/11/2010,NA,Bedford,139.7813822,4.204285714,0,0,0,0,0,2,5
5/18/2010,NA,Bedford,148.0362942,3.756666667,0,0,0,0,0,2,5
5/25/2010,NA,Bedford,188.0533277,3.861428571,0,0,0,0,0,2,5
6/1/2010,NA,Bedford,186.2405458,3.861428571,0,0,0,0,0,2,5
6/8/2010,NA,Bedford,167.5095676,4.204285714,0,0,0,0,0,2,5
6/15/2010,NA,Bedford,106.2521544,4.156666667,0,0,0,0,0,2,5
6/22/2010,NA,Bedford,167.9447919,4.115,0,0,0,0,0,2,5
6/29/2010,NA,Bedford,87.51636753,4.204285714,0,0,0,0,0,2,5
7/6/2010,NA,Bedford,171.452855,3.78,0,0,0,0,0,2,5
7/13/2010,NA,Bedford,116.2553818,3.273333333,0,0,0,0,0,2,5
5/4/2010,NA,Bellingham,156.1849871,4.204285714,0,0,0,0,0,2,0
5/11/2010,NA,Bellingham,208.035439,4.118571429,0,0,0,0,0,2,0
5/18/2010,NA,Bellingham,165.1392013,3.861428571,0,0,0,0,0,2,0
5/25/2010,NA,Bellingham,165.8679142,3.861428571,0,0,0,0,0,2,0
6/1/2010,NA,Bellingham,134.3364437,3.756666667,0,0,0,0,0,2,0
6/8/2010,NA,Bellingham,187.0789506,4.204285714,0,0,0,0,0,2,0
6/15/2010,NA,Bellingham,230.6140386,4.204285714,0,0,0,0,0,2,0
6/22/2010,NA,Bellingham,150.4542715,4.204285714,0,0,0,0,0,2,0
6/29/2010,NA,Bellingham,303.2910288,3.823333333,0,0,0,0,0,2,0
7/6/2010,NA,Bellingham,256.1814473,3.096,0,0,0,0,0,2,0
7/13/2010,NA,Bellingham,241.4529425,3.096,0,0,0,0,0,2,0
5/4/2010,NA,Cranston (aka Garden City Center),170.8696533,4.204285714,0,0,0,0,0,1,1
5/11/2010,NA,Cranston (aka Garden City Center),181.3218607,4.144285714,0,0,0,0,0,1,1
5/18/2010,NA,Cranston (aka Garden City Center),207.6291338,3.861428571,0,0,0,0,0,1,1
5/25/2010,NA,Cranston (aka Garden City Center),275.8314062,3.861428571,0,0,0,0,0,1,1
6/1/2010,NA,Cranston (aka Garden City Center),265.6991123,3.861428571,0,0,0,0,0,1,1
6/8/2010,NA,Cranston (aka Garden City Center),175.7799479,4.204285714,0,0,0,0,0,1,1
6/15/2010,NA,Cranston (aka Garden City Center),259.8576441,4.204285714,0,0,0,0,0,1,1
6/22/2010,NA,Cranston (aka Garden City Center),178.2175821,4.204285714,0,0,0,0,0,1,1
6/29/2010,NA,Cranston (aka Garden City Center),257.449039,4.204285714,0,0,0,0,0,1,1
7/6/2010,NA,Cranston (aka Garden City Center),157.4243482,3.78,0,0,0,0,0,1,1
7/13/2010,NA,Cranston (aka Garden City Center),217.6758603,3.424285714,0,0,0,0,0,1,1
5/4/2010,NA,Framingham,111.1561437,4.204285714,0,0,0,0,0,2,1
5/11/2010,NA,Framingham,193.7750912,4.204285714,0,0,0,0,0,2,1
5/18/2010,NA,Framingham,119.1108885,3.861428571,0,0,0,0,0,2,1
5/25/2010,NA,Framingham,260.3114672,3.861428571,0,0,0,0,0,2,1
6/1/2010,NA,Framingham,227.5991752,3.861428571,0,0,0,0,0,1,1
6/8/2010,NA,Framingham,161.8930847,4.204285714,0,0,0,0,0,1,1
6/15/2010,NA,Framingham,141.3785952,4.204285714,0,0,0,0,0,1,1
6/22/2010,NA,Framingham,231.1243859,4.204285714,0,0,0,0,0,1,1
6/29/2010,NA,Framingham,198.1649002,4.204285714,0,0,0,0,0,1,1
7/6/2010,NA,Framingham,279.1094481,3.78,0,0,0,0,0,1,1
7/13/2010,NA,Framingham,147.9761937,3.78,0,0,0,0,0,1,1
5/4/2010,NA,Fresh Pond,183.6513907,4.6275,0,0,0,0,0,1,1
5/11/2010,NA,Fresh Pond,197.10067,4.204285714,0,0,0,0,0,1,1
5/18/2010,NA,Fresh Pond,199.9051587,3.861428571,0,0,0,0,0,1,1
5/25/2010,NA,Fresh Pond,196.1891639,4.065,0,0,0,0,0,1,1
6/1/2010,NA,Fresh Pond,153.5589827,3.861428571,0,0,0,0,0,1,1
6/8/2010,NA,Fresh Pond,175.4353112,4.204285714,0,0,0,0,0,1,1
6/15/2010,NA,Fresh Pond,176.7447153,4.6275,0,0,0,0,0,1,1
6/22/2010,NA,Fresh Pond,137.5087947,4.204285714,0,0,0,0,0,1,1
6/29/2010,NA,Fresh Pond,165.4523425,4.044545455,0,0,0,0,0,1,1
7/6/2010,NA,Fresh Pond,219.3253684,3.504545455,0,0,0,0,0,1,1
7/13/2010,NA,Fresh Pond,162.0673839,3.504545455,0,0,0,0,0,1,1
5/4/2010,NA,Hadley,104.755669,4.647142857,0,0,0,0,0,0,3
5/11/2010,NA,Hadley,202.0835539,4.6275,0,0,0,0,0,0,3
5/18/2010,NA,Hadley,142.1217633,4.004285714,0,0,0,0,0,0,3
5/25/2010,NA,Hadley,223.0537913,3.861428571,0,0,0,0,0,0,3
6/1/2010,NA,Hadley,256.4298729,3.861428571,0,0,0,0,0,0,3
6/8/2010,NA,Hadley,168.2019092,4.6275,0,0,0,0,0,0,3
6/15/2010,NA,Hadley,100.6654191,4.84,0,0,0,0,0,0,3
6/22/2010,NA,Hadley,230.2475061,4.6275,0,0,0,0,0,0,3
6/29/2010,NA,Hadley,122.3845322,4.6275,0,0,0,0,0,0,3
7/6/2010,NA,Hadley,175.4572275,4.25625,0,0,0,0,0,0,3
7/13/2010,NA,Hadley,105.880894,3.95,0,0,0,0,0,0,3
5/4/2010,NA,Hingham,169.3304378,4.6275,0,0,0,0,0,1,0
5/11/2010,NA,Hingham,120.3028488,4.204285714,0,0,0,0,0,1,0
5/18/2010,NA,Hingham,152.0728565,4.065,0,0,0,0,0,1,0
5/25/2010,NA,Hingham,184.5794393,4.461428571,0,0,0,0,0,1,0
6/1/2010,NA,Hingham,154.5668691,3.861428571,0,0,0,0,0,1,0
6/8/2010,NA,Hingham,70.22582508,4.6275,0,0,0,0,0,1,0
6/15/2010,NA,Hingham,149.1697028,4.6275,0,0,0,0,0,1,0
6/22/2010,NA,Hingham,224.324099,4.204285714,0,0,0,0,0,1,0
6/29/2010,NA,Hingham,215.3885469,4.6275,0,0,0,0,0,1,0
7/6/2010,NA,Hingham,169.5065454,3.745,0,0,0,0,0,1,0
7/13/2010,NA,Hingham,210.3621823,3.504545455,0,0,0,0,0,1,0
5/4/2010,NA,Newtonville,221.5681227,4.24,0,0,0,0,0,2,4
5/11/2010,NA,Newtonville,202.8326948,4.24,0,0,0,0,0,2,4
5/18/2010,NA,Newtonville,208.2541555,4.065,0,0,0,0,0,2,4
5/25/2010,NA,Newtonville,129.6186183,3.861428571,0,0,0,0,0,2,4
6/1/2010,NA,Newtonville,145.5555471,4.065,0,0,0,0,0,2,4
6/8/2010,NA,Newtonville,206.0582471,4.718571429,0,0,0,0,0,2,4
6/15/2010,NA,Newtonville,164.598749,4.84,0,0,0,0,0,2,4
6/22/2010,NA,Newtonville,181.200279,4.718571429,0,0,0,0,0,2,4
6/29/2010,NA,Newtonville,231.4390862,4.718571429,0,0,0,0,0,2,4
7/6/2010,NA,Newtonville,47.5598519,4.294285714,0,0,0,0,0,2,4
7/13/2010,NA,Newtonville,222.8121895,3.424285714,0,0,0,0,0,2,4
5/4/2010,NA,Portland ME (aka Portland),148.3953535,4.6275,0,0,0,0,0,0,4
5/11/2010,NA,Portland ME (aka Portland),182.4250787,4.6275,0,0,0,0,0,0,4
5/18/2010,NA,Portland ME (aka Portland),178.3649987,4.065,0,0,0,0,0,0,4
5/25/2010,NA,Portland ME (aka Portland),172.8160107,4.065,0,0,0,0,0,0,4
6/1/2010,NA,Portland ME (aka Portland),306.8505431,4.065,0,0,0,0,0,0,4
6/8/2010,NA,Portland ME (aka Portland),172.1913745,4.6275,0,0,0,0,0,0,4
6/15/2010,NA,Portland ME (aka Portland),198.3756922,4.6275,0,0,0,0,0,0,4
6/22/2010,NA,Portland ME (aka Portland),142.5206742,4.6275,0,0,0,0,0,0,4
6/29/2010,NA,Portland ME (aka Portland),192.3503173,4.6275,0,0,0,0,0,0,4
7/6/2010,NA,Portland ME (aka Portland),241.5538956,4.25625,0,0,0,0,0,0,4
7/13/2010,NA,Portland ME (aka Portland),292.1555421,3.78,0,0,0,0,0,0,4
5/4/2010,NA,River Street,162.8543883,4.161428571,0,0,0,0,0,1,1
5/11/2010,NA,River Street,215.700147,4.117142857,0,0,0,0,0,1,1
5/18/2010,NA,River Street,241.1793054,3.818571429,0,0,0,0,0,1,1
5/25/2010,NA,River Street,127.6997216,3.818571429,0,0,0,0,0,1,1
6/1/2010,NA,River Street,101.5698363,3.818571429,0,0,0,0,0,1,1
6/8/2010,NA,River Street,176.670405,4.161428571,0,0,0,0,0,1,1
6/15/2010,NA,River Street,198.1470066,4.161428571,0,0,0,0,0,1,1
6/22/2010,NA,River Street,197.2117415,4.161428571,0,0,0,0,0,1,1
6/29/2010,NA,River Street,119.2911032,4.161428571,0,0,0,0,0,1,1
7/6/2010,NA,River Street,265.3694055,3.78,0,0,0,0,0,1,1
7/13/2010,NA,River Street,125.211047,3.78,0,0,0,0,0,1,1
5/4/2010,NA,University,190.0082351,4.204285714,0,0,0,0,0,2,2
5/11/2010,NA,University,222.0437792,4.15,0,0,0,0,0,2,2
5/18/2010,NA,University,157.4261609,4.065,0,0,0,0,0,2,2
5/25/2010,NA,University,170.9765691,4.004285714,0,0,0,0,0,2,2
6/1/2010,NA,University,167.8994854,4.065,0,0,0,0,0,2,2
6/8/2010,NA,University,117.6286651,4.6275,0,0,0,0,0,2,2
6/15/2010,NA,University,264.0047797,4.204285714,0,0,0,0,0,2,2
6/22/2010,NA,University,166.3786611,4.6275,0,0,0,0,0,2,2
6/29/2010,NA,University,187.3292695,4.156666667,0,0,0,0,0,2,2
7/6/2010,NA,University,300.7280057,3.78,0,0,0,0,0,2,2
7/13/2010,NA,University,156.652164,3.61875,0,0,0,0,0,2,2
5/4/2010,NA,West Hartford,176.3136064,4.718571429,0,0,0,0,0,2,3
5/11/2010,NA,West Hartford,124.6605127,4.718571429,0,0,0,0,0,2,3
5/18/2010,NA,West Hartford,193.1350704,4.065,0,0,0,0,0,2,3
5/25/2010,NA,West Hartford,207.478136,4.161428571,0,0,0,0,0,2,3
6/1/2010,NA,West Hartford,149.3033252,4.161428571,0,0,0,0,0,2,3
6/8/2010,NA,West Hartford,131.2095114,4.718571429,0,0,0,0,0,2,3
6/15/2010,NA,West Hartford,252.6988668,4.718571429,0,0,0,0,0,2,3
6/22/2010,NA,West Hartford,150.1741078,4.718571429,0,0,0,0,0,2,3
6/29/2010,NA,West Hartford,222.3857929,4.718571429,0,0,0,0,0,2,3
7/6/2010,NA,West Hartford,128.8705459,4.345,0,0,0,0,0,2,3
7/13/2010,NA,West Hartford,192.9859903,3.722857143,0,0,0,0,0,2,3
5/4/2010,NA,Woburn,228.2302144,4.204285714,0,0,0,0,0,3,3
5/11/2010,NA,Woburn,242.1011037,4.19,0,0,0,0,0,3,3
5/18/2010,NA,Woburn,251.0430646,3.861428571,0,0,0,0,0,3,3
5/25/2010,NA,Woburn,189.5819557,3.861428571,0,0,0,0,0,3,3
6/1/2010,NA,Woburn,133.3306889,3.861428571,0,0,0,0,0,3,3
6/8/2010,NA,Woburn,68.87757927,4.19,0,0,0,0,0,3,3
6/15/2010,NA,Woburn,261.5222822,4.204285714,0,0,0,0,0,3,3
6/22/2010,NA,Woburn,91.4990033,4.204285714,0,0,0,0,0,3,3
6/29/2010,NA,Woburn,96.42497051,4.204285714,0,0,0,0,0,3,3
7/6/2010,NA,Woburn,177.0016468,3.78,0,0,0,0,0,3,3
7/13/2010,NA,Woburn,136.8885097,3.745,0,0,0,0,0,3,3
5/4/2010,NC,Fresno,194.9267994,4.504285714,1,0,0,0,0,2,0
5/11/2010,NC,Fresno,215.8416339,4.59,1,0,0,0,0,2,0
5/18/2010,NC,Fresno,336.9549327,4.39,1,0,0,0,0,2,0
5/25/2010,NC,Fresno,225.7629433,4.123333333,1,0,0,0,0,2,0
6/1/2010,NC,Fresno,234.1775993,4.04,1,0,0,0,0,2,0
6/8/2010,NC,Fresno,299.468644,4.895555556,1,0,0,0,0,2,0
6/15/2010,NC,Fresno,153.6350253,4.88,1,0,0,0,0,2,0
6/22/2010,NC,Fresno,368.8470226,4.871818182,1,0,1,0,0,2,0
6/29/2010,NC,Fresno,343.4450299,4.508181818,1,0,0,1,0,2,0
7/6/2010,NC,Fresno,191.4702814,4.353636364,1,0,0,1,0,2,0
7/13/2010,NC,Fresno,297.3749395,3.99,1,0,0,1,0,2,0
5/4/2010,NC,Los Altos,251.380891,4.856666667,1,0,0,0,0,1,5
5/11/2010,NC,Los Altos,195.1382369,4.680909091,1,0,0,0,0,1,5
5/18/2010,NC,Los Altos,322.474186,4.59,1,0,0,0,0,1,5
5/25/2010,NC,Los Altos,199.2720303,4.59,1,0,0,0,0,1,5
6/1/2010,NC,Los Altos,250.4160723,4.59,1,0,0,0,0,1,5
6/8/2010,NC,Los Altos,249.017022,4.950833333,1,0,0,0,0,1,5
6/15/2010,NC,Los Altos,284.4969419,4.775,1,0,1,0,0,1,5
6/22/2010,NC,Los Altos,256.237681,4.674615385,1,0,0,1,0,1,5
6/29/2010,NC,Los Altos,328.0545908,4.398333333,1,0,0,1,0,1,5
7/6/2010,NC,Los Altos,287.5708281,4.456666667,1,0,0,1,0,1,5
7/13/2010,NC,Los Altos,228.8126514,4.456666667,1,0,0,0,1,1,5
5/4/2010,NC,Napa,253.619984,4.623333333,1,0,0,1,0,3,2
5/11/2010,NC,Napa,321.7492213,4.623333333,1,0,0,0,1,3,2
5/18/2010,NC,Napa,231.5667458,4.29,1,0,0,0,1,3,2
5/25/2010,NC,Napa,183.8501468,4.29,1,0,0,0,0,3,2
6/1/2010,NC,Napa,228.7404671,4.29,1,0,0,0,0,3,2
6/8/2010,NC,Napa,234.027954,4.624166667,1,0,0,0,0,3,2
6/15/2010,NC,Napa,294.7704404,4.64,1,0,0,0,0,3,2
6/22/2010,NC,Napa,204.0751479,4.64,1,0,0,0,0,3,2
6/29/2010,NC,Napa,276.717747,4.64,1,0,0,0,0,3,2
7/6/2010,NC,Napa,209.4189131,4.47,1,0,0,0,0,3,2
7/13/2010,NC,Napa,250.0236708,4.426363636,1,0,0,0,0,3,2
5/4/2010,NC,Petaluma,312.597271,4.680909091,1,0,0,0,0,2,5
5/11/2010,NC,Petaluma,267.8024174,4.680909091,1,0,1,0,0,2,5
5/18/2010,NC,Petaluma,293.2895113,4.59,1,0,0,1,0,2,5
5/25/2010,NC,Petaluma,313.5056654,4.59,1,0,0,1,0,2,5
6/1/2010,NC,Petaluma,299.4943919,4.59,1,0,0,1,0,2,5
6/8/2010,NC,Petaluma,277.553104,4.974545455,1,0,0,0,1,2,5
6/15/2010,NC,Petaluma,298.3961109,4.931666667,1,0,0,0,1,2,5
6/22/2010,NC,Petaluma,338.8743636,4.931666667,1,0,0,0,0,2,5
6/29/2010,NC,Petaluma,188.7725579,4.944545455,1,0,0,0,0,2,5
7/6/2010,NC,Petaluma,337.0098752,4.79,1,0,0,0,0,2,5
7/13/2010,NC,Petaluma,268.1748984,4.79,1,0,0,0,0,2,5
5/4/2010,NC,Redwood City,234.3651308,4.87,1,0,0,0,0,3,4
5/11/2010,NC,Redwood City,316.1024536,4.79,1,0,0,0,0,3,4
5/18/2010,NC,Redwood City,318.1970181,4.19,1,0,0,0,0,3,4
5/25/2010,NC,Redwood City,239.7882788,4.19,1,0,0,0,0,3,4
6/1/2010,NC,Redwood City,207.6538755,4.426363636,1,0,0,0,0,3,4
6/8/2010,NC,Redwood City,188.4934649,4.899090909,1,0,0,0,0,3,4
6/15/2010,NC,Redwood City,792.5162514,4.471666667,1,1,1,0,0,3,4
6/22/2010,NC,Redwood City,798.5545163,4.281666667,1,1,0,1,0,3,4
6/29/2010,NC,Redwood City,836.3219456,4.281666667,1,1,0,1,0,3,4
7/6/2010,NC,Redwood City,756.3563507,4.723333333,1,1,0,1,0,3,4
7/13/2010,NC,Redwood City,726.3700377,4.728461538,1,1,0,0,1,3,4
5/4/2010,NC,Roseville,285.521117,4.623333333,1,0,0,1,0,2,1
5/11/2010,NC,Roseville,289.1212788,4.680909091,1,0,0,1,0,2,1
5/18/2010,NC,Roseville,311.4813925,4.062727273,1,0,0,1,0,2,1
5/25/2010,NC,Roseville,260.1387137,4.062727273,1,0,0,0,1,2,1
6/1/2010,NC,Roseville,301.9721051,4.29,1,0,0,0,1,2,1
6/8/2010,NC,Roseville,301.0225564,4.604545455,1,0,0,0,0,2,1
6/15/2010,NC,Roseville,223.20616,4.32,1,0,0,0,0,2,1
6/22/2010,NC,Roseville,246.4528504,4.598333333,1,0,0,0,0,2,1
6/29/2010,NC,Roseville,223.3278402,4.111818182,1,0,0,0,0,2,1
7/6/2010,NC,Roseville,276.7790099,3.96,1,0,0,0,0,2,1
7/13/2010,NC,Roseville,268.5930399,3.96,1,0,0,0,0,2,1
5/4/2010,NC,Sacramento,287.7962955,4.59,1,0,0,0,0,3,0
5/11/2010,NC,Sacramento,280.2244759,4.59,1,0,0,0,0,3,0
5/18/2010,NC,Sacramento,314.6407984,3.901111111,1,0,0,0,0,3,0
5/25/2010,NC,Sacramento,223.7111753,4.19,1,0,0,0,0,3,0
6/1/2010,NC,Sacramento,192.6813659,3.901111111,1,0,0,0,0,3,0
6/8/2010,NC,Sacramento,169.3345274,4.222222222,1,0,0,0,0,3,0
6/15/2010,NC,Sacramento,249.7920493,4.534444444,1,0,0,0,0,3,0
6/22/2010,NC,Sacramento,159.1043934,4.56,1,0,0,0,0,3,0
6/29/2010,NC,Sacramento,226.8993538,4.178888889,1,0,0,0,0,3,0
7/6/2010,NC,Sacramento,252.1834494,3.99,1,0,0,0,0,3,0
7/13/2010,NC,Sacramento,284.1625503,3.99,1,0,0,0,0,3,0
5/4/2010,NC,San Mateo,274.4671986,4.87,1,0,0,1,0,1,3
5/11/2010,NC,San Mateo,306.9105661,4.87,1,0,0,1,0,1,3
5/18/2010,NC,San Mateo,367.7140651,4.55,1,0,0,0,1,1,3
5/25/2010,NC,San Mateo,276.8494388,4.55,1,0,0,0,1,1,3
6/1/2010,NC,San Mateo,196.7134769,4.55,1,0,0,0,0,1,3
6/8/2010,NC,San Mateo,231.2947393,4.623333333,1,0,0,0,0,1,3
6/15/2010,NC,San Mateo,265.9044928,4.944545455,1,0,0,0,0,1,3
6/22/2010,NC,San Mateo,312.8108699,4.859230769,1,0,0,0,0,1,3
6/29/2010,NC,San Mateo,244.8985899,4.859230769,1,0,0,0,0,1,3
7/6/2010,NC,San Mateo,206.5974471,4.728461538,1,0,0,0,0,1,3
7/13/2010,NC,San Mateo,325.8254777,4.728461538,1,0,0,0,0,1,3
5/4/2010,NC,San Rafael,271.9868586,4.79,1,0,0,0,0,1,1
5/11/2010,NC,San Rafael,211.8216102,4.79,1,0,0,0,0,1,1
5/18/2010,NC,San Rafael,296.2917789,4.482307692,1,0,1,0,0,1,1
5/25/2010,NC,San Rafael,351.6727216,4.482307692,1,0,0,1,0,1,1
6/1/2010,NC,San Rafael,480.6616823,4.482307692,1,0,1,1,0,1,1
6/8/2010,NC,San Rafael,405.2808585,4.888461538,1,0,1,1,0,1,1
6/15/2010,NC,San Rafael,320.550742,4.859230769,1,0,0,1,1,1,1
6/22/2010,NC,San Rafael,508.3965608,4.598333333,1,0,1,1,1,1,1
6/29/2010,NC,San Rafael,298.1119486,4.859230769,1,0,0,1,1,1,1
7/6/2010,NC,San Rafael,371.0324418,4.728461538,1,0,0,1,1,1,1
7/13/2010,NC,San Rafael,395.2681448,4.728461538,1,0,0,1,1,1,1
5/4/2010,NC,San Ramon,269.8883914,4.64,1,0,0,0,0,2,4
5/11/2010,NC,San Ramon,184.3534861,4.64,1,0,0,0,0,2,4
5/18/2010,NC,San Ramon,246.5508583,4.301111111,1,0,0,0,0,2,4
5/25/2010,NC,San Ramon,274.7750189,4.19,1,0,0,0,0,2,4
6/1/2010,NC,San Ramon,200.0934676,4.123333333,1,0,0,0,0,2,4
6/8/2010,NC,San Ramon,265.8403149,4.79,1,0,0,0,0,2,4
6/15/2010,NC,San Ramon,203.9431464,4.79,1,0,0,0,0,2,4
6/22/2010,NC,San Ramon,253.7667369,4.904285714,1,0,0,0,0,2,4
6/29/2010,NC,San Ramon,294.9338463,4.623333333,1,0,0,0,0,2,4
7/6/2010,NC,San Ramon,191.1372516,4.47,1,0,0,0,0,2,4
7/13/2010,NC,San Ramon,199.4820941,4.426363636,1,0,0,0,0,2,4
5/4/2010,NC,Santa Cruz,367.8825511,4.362727273,1,0,0,0,1,3,4
5/11/2010,NC,Santa Cruz,341.2092455,4.47,1,0,0,0,1,3,4
5/18/2010,NC,Santa Cruz,244.4924954,4.062727273,1,0,0,0,0,3,4
5/25/2010,NC,Santa Cruz,216.8223723,4.062727273,1,0,0,0,0,3,4
6/1/2010,NC,Santa Cruz,213.2871562,4.062727273,1,0,0,0,0,3,4
6/8/2010,NC,Santa Cruz,272.7603055,4.272,1,0,0,0,0,3,4
6/15/2010,NC,Santa Cruz,305.2087396,4.178888889,1,0,0,0,0,3,4
6/22/2010,NC,Santa Cruz,267.9692407,3.614444444,1,0,0,0,0,3,4
6/29/2010,NC,Santa Cruz,262.3690604,3.671818182,1,0,0,0,0,3,4
7/6/2010,NC,Santa Cruz,245.1294665,3.671818182,1,0,0,0,0,3,4
7/13/2010,NC,Santa Cruz,301.2675779,3.482857143,1,0,0,0,0,3,4
5/4/2010,NC,Santa Rosa,213.9617574,4.656666667,1,0,0,0,0,1,1
5/11/2010,NC,Santa Rosa,222.4018676,4.67,1,0,0,0,0,1,1
5/18/2010,NC,Santa Rosa,347.5240241,4.244545455,1,0,1,0,0,1,1
5/25/2010,NC,Santa Rosa,380.5995819,4.571818182,1,0,0,1,0,1,1
6/1/2010,NC,Santa Rosa,341.8655561,4.571818182,1,0,0,1,0,1,1
6/8/2010,NC,Santa Rosa,357.2977628,4.616666667,1,0,0,1,0,1,1
6/15/2010,NC,Santa Rosa,278.1238637,4.931666667,1,0,0,0,1,1,1
6/22/2010,NC,Santa Rosa,284.4268441,4.931666667,1,0,0,0,1,1,1
6/29/2010,NC,Santa Rosa,260.2041054,4.944545455,1,0,0,0,0,1,1
7/6/2010,NC,Santa Rosa,320.3096968,4.728461538,1,0,0,0,0,1,1
7/13/2010,NC,Santa Rosa,259.1320325,4.723333333,1,0,0,0,0,1,1
5/4/2010,NC,SoMa,355.8590076,5.09,1,0,0,1,0,0,4
5/11/2010,NC,SoMa,364.8769144,5.09,1,0,0,1,0,0,4
5/18/2010,NC,SoMa,247.3411976,4.426363636,1,0,0,1,1,0,4
5/25/2010,NC,SoMa,378.1434097,4.426363636,1,0,0,0,1,0,4
6/1/2010,NC,SoMa,343.9774161,4.426363636,1,0,0,0,1,0,4
6/8/2010,NC,SoMa,169.0411343,4.890909091,1,0,0,0,0,0,4
6/15/2010,NC,SoMa,220.8932481,4.871818182,1,0,0,0,0,0,4
6/22/2010,NC,SoMa,189.657884,4.871818182,1,0,0,0,0,0,4
6/29/2010,NC,SoMa,173.3583594,4.871818182,1,0,0,0,0,0,4
7/6/2010,NC,SoMa,216.3332263,4.717272727,1,0,0,0,0,0,4
7/13/2010,NC,SoMa,210.1631975,4.717272727,1,0,0,0,0,0,4
5/4/2010,NC,Stevens Creek (aka Cupertino),321.2638595,4.59,1,0,0,1,0,1,2
5/11/2010,NC,Stevens Creek (aka Cupertino),426.2393056,4.608181818,1,0,0,1,0,1,2
5/18/2010,NC,Stevens Creek (aka Cupertino),237.7500205,4.482307692,1,0,0,1,1,1,2
5/25/2010,NC,Stevens Creek (aka Cupertino),297.3733276,4.482307692,1,0,0,0,1,1,2
6/1/2010,NC,Stevens Creek (aka Cupertino),396.9492223,4.482307692,1,0,0,0,1,1,2
6/8/2010,NC,Stevens Creek (aka Cupertino),138.8196511,4.866923077,1,0,0,0,0,1,2
6/15/2010,NC,Stevens Creek (aka Cupertino),707.6688746,4.153846154,1,1,0,0,0,1,2
6/22/2010,NC,Stevens Creek (aka Cupertino),636.7914155,4.120769231,1,1,0,0,0,1,2
6/29/2010,NC,Stevens Creek (aka Cupertino),740.1606583,4.120769231,1,1,0,0,0,1,2
7/6/2010,NC,Stevens Creek (aka Cupertino),734.2299248,4.732307692,1,1,0,0,0,1,2
7/13/2010,NC,Stevens Creek (aka Cupertino),617.7086466,4.728461538,1,1,0,0,0,1,2
5/4/2010,NC,Walnut Creek,161.0641279,4.623333333,1,0,0,0,0,2,0
5/11/2010,NC,Walnut Creek,227.2840972,4.680909091,1,0,0,0,0,2,0
5/18/2010,NC,Walnut Creek,269.7060916,4.482307692,1,0,0,0,0,2,0
5/25/2010,NC,Walnut Creek,311.6368511,4.482307692,1,0,0,0,0,2,0
6/1/2010,NC,Walnut Creek,211.9142762,4.29,1,0,0,0,0,2,0
6/8/2010,NC,Walnut Creek,252.7926869,4.907692308,1,0,0,0,0,2,0
6/15/2010,NC,Walnut Creek,709.0876824,4.859230769,1,1,0,0,0,2,0
6/22/2010,NC,Walnut Creek,736.3015407,4.29,1,1,0,0,0,2,0
6/29/2010,NC,Walnut Creek,663.2436825,4.846923077,1,1,0,0,0,2,0
7/6/2010,NC,Walnut Creek,739.0040102,4.499090909,1,1,0,0,0,2,0
7/13/2010,NC,Walnut Creek,681.1522218,4.55,1,1,0,0,0,2,0
5/4/2010,NE,Bowery,127.9785465,4.632857143,0,0,0,0,0,1,2
5/11/2010,NE,Bowery,152.5346602,4.9275,0,0,0,0,0,1,2
5/18/2010,NE,Bowery,250.5964571,4.36875,0,0,0,0,0,1,2
5/25/2010,NE,Bowery,230.1877532,4.208571429,1,0,0,0,0,1,2
6/1/2010,NE,Bowery,258.2664825,4.208571429,1,0,0,0,0,1,2
6/8/2010,NE,Bowery,120.9717472,4.632857143,1,0,0,0,0,1,2
6/15/2010,NE,Bowery,323.9552426,4.645555556,1,0,1,0,0,1,2
6/22/2010,NE,Bowery,332.5395828,4.12,1,0,0,1,0,1,2
6/29/2010,NE,Bowery,318.7548021,4.12,1,0,0,1,0,1,2
7/6/2010,NE,Bowery,333.848052,3.311111111,1,0,0,1,0,1,2
7/13/2010,NE,Bowery,335.2813146,3.147,1,0,0,0,1,1,2
5/4/2010,NE,Chelsea,169.6016085,4.24,0,0,0,0,0,2,1
5/11/2010,NE,Chelsea,209.3971488,4.228333333,0,0,0,0,0,2,1
5/18/2010,NE,Chelsea,196.3496039,3.995,0,0,0,0,0,2,1
5/25/2010,NE,Chelsea,358.3805522,3.995,1,0,0,0,0,2,1
6/1/2010,NE,Chelsea,198.0095394,3.995,1,0,0,0,0,2,1
6/8/2010,NE,Chelsea,166.4077996,4.24,1,0,0,0,0,2,1
6/15/2010,NE,Chelsea,299.8732085,4.24,1,0,1,0,0,2,1
6/22/2010,NE,Chelsea,344.8556996,4.24,1,0,0,1,0,2,1
6/29/2010,NE,Chelsea,340.2669632,4.24,1,0,0,1,0,2,1
7/6/2010,NE,Chelsea,262.2811772,3.745,1,0,0,1,0,2,1
7/13/2010,NE,Chelsea,235.8684861,3.745,1,0,0,0,1,1,1
5/4/2010,NE,Columbus Circle,203.7975487,4.204285714,0,0,0,0,0,2,1
5/11/2010,NE,Columbus Circle,219.2914999,4.823333333,0,0,0,0,0,2,1
5/18/2010,NE,Columbus Circle,294.0824337,4.12,0,0,0,0,0,2,1
5/25/2010,NE,Columbus Circle,337.729749,3.924285714,1,0,0,0,0,2,1
6/1/2010,NE,Columbus Circle,198.8494585,3.924285714,1,0,0,0,0,2,1
6/8/2010,NE,Columbus Circle,224.2252429,4.204285714,1,0,0,0,0,2,1
6/15/2010,NE,Columbus Circle,258.857891,4.204285714,1,0,0,0,0,2,1
6/22/2010,NE,Columbus Circle,259.4017348,3.801111111,1,0,0,0,0,2,1
6/29/2010,NE,Columbus Circle,206.1745932,3.93375,1,0,0,0,0,2,1
7/6/2010,NE,Columbus Circle,304.4683595,3.311111111,1,0,0,0,0,2,1
7/13/2010,NE,Columbus Circle,331.1818118,3.147,1,0,0,0,0,2,1
5/4/2010,NE,Edgewater,280.6650615,4.161428571,0,0,0,1,0,2,0
5/11/2010,NE,Edgewater,340.3556618,4.161428571,0,0,0,0,1,2,0
5/18/2010,NE,Edgewater,293.1924829,3.945,0,0,0,0,1,2,0
5/25/2010,NE,Edgewater,247.6482129,4.237142857,1,0,0,0,0,2,0
6/1/2010,NE,Edgewater,236.229836,4.45625,1,0,0,0,0,2,0
6/8/2010,NE,Edgewater,272.2356435,4.732857143,1,0,0,0,0,2,0
6/15/2010,NE,Edgewater,183.6752078,4.161428571,1,0,0,0,0,2,0
6/22/2010,NE,Edgewater,252.5066591,4.19,1,0,0,0,0,2,0
6/29/2010,NE,Edgewater,289.8605314,4.161428571,1,0,0,0,0,2,0
7/6/2010,NE,Edgewater,200.9138644,3.78,1,0,0,0,0,2,0
7/13/2010,NE,Edgewater,135.1673762,3.78,1,0,0,0,0,2,0
5/4/2010,NE,Jericho,89.82333755,4.856666667,0,0,0,0,0,1,1
5/11/2010,NE,Jericho,171.5718624,4.856666667,0,0,0,0,0,1,1
5/18/2010,NE,Jericho,197.5509439,4.35,0,0,0,0,0,1,1
5/25/2010,NE,Jericho,268.8944779,4.35,1,0,0,0,0,1,1
6/1/2010,NE,Jericho,173.2082567,4.145,1,0,0,0,0,1,1
6/8/2010,NE,Jericho,299.9339069,4.64,1,0,0,0,0,1,1
6/15/2010,NE,Jericho,244.4826198,4.19,1,0,0,0,0,1,1
6/22/2010,NE,Jericho,440.970022,4.19,1,0,1,0,0,1,1
6/29/2010,NE,Jericho,269.9348016,3.94,1,0,0,1,0,1,1
7/6/2010,NE,Jericho,334.9632178,4.179,1,0,0,1,0,1,1
7/13/2010,NE,Jericho,357.7484603,4.179,1,0,0,1,0,1,1
5/4/2010,NE,Middletown,230.5029447,5.29,0,0,0,1,0,2,5
5/11/2010,NE,Middletown,363.7853542,4.39,0,0,0,0,1,2,5
5/18/2010,NE,Middletown,268.4086489,4.79,0,0,0,0,1,2,5
5/25/2010,NE,Middletown,211.2387262,4.39,1,0,0,0,0,2,5
6/1/2010,NE,Middletown,223.083153,4.79,1,0,0,0,0,2,5
6/8/2010,NE,Middletown,351.9707474,5.29,1,0,0,0,0,2,5
6/15/2010,NE,Middletown,168.5650474,5.83,1,0,0,0,0,2,5
6/22/2010,NE,Middletown,241.9549328,6.19,1,0,0,0,0,2,5
6/29/2010,NE,Middletown,184.8580883,5.59,1,0,0,0,0,2,5
7/6/2010,NE,Middletown,200.0770223,4.6225,1,0,0,0,0,2,5
7/13/2010,NE,Middletown,181.7512902,4.6225,1,0,0,0,0,2,5
5/4/2010,NE,Rose City,154.7012506,4.732857143,0,0,0,0,0,1,5
5/11/2010,NE,Rose City,120.0816565,4.03,0,0,0,0,0,1,5
5/18/2010,NE,Rose City,284.829203,3.666363636,0,0,0,0,0,1,5
5/25/2010,NE,Rose City,248.1747144,3.666363636,1,0,0,0,0,1,5
6/1/2010,NE,Rose City,278.1469677,3.794,1,0,0,0,0,1,5
6/8/2010,NE,Rose City,275.6612685,4.03,1,0,0,0,0,1,5
6/15/2010,NE,Rose City,325.0397328,3.63,1,0,1,0,0,1,5
6/22/2010,NE,Rose City,336.9444723,4.03,1,0,0,1,0,1,5
6/29/2010,NE,Rose City,304.8437244,4.212222222,1,0,0,1,0,1,5
7/6/2010,NE,Rose City,257.5269376,4.02,1,0,0,1,0,1,5
7/13/2010,NE,Rose City,280.4960732,4.01625,1,0,0,0,1,1,5
5/4/2010,NE,Union Square,234.3681739,4.204285714,0,0,0,0,0,1,2
5/11/2010,NE,Union Square,240.3582517,4.181666667,0,0,0,0,0,1,2
5/18/2010,NE,Union Square,212.8258829,3.924285714,0,0,0,0,0,1,2
5/25/2010,NE,Union Square,213.5933355,3.884285714,1,0,0,0,0,1,2
6/1/2010,NE,Union Square,202.7824781,3.464,1,0,0,0,0,1,2
6/8/2010,NE,Union Square,172.892991,3.66,1,0,0,0,0,1,2
6/15/2010,NE,Union Square,270.3657284,3.623333333,1,0,0,0,0,1,2
6/22/2010,NE,Union Square,280.2367698,3.96,1,0,0,0,0,1,2
6/29/2010,NE,Union Square,350.5509908,3.629,1,0,1,0,0,1,2
7/6/2010,NE,Union Square,351.3030761,3.005,1,0,0,1,0,1,2
7/13/2010,NE,Union Square,313.2871857,3.142,1,0,0,1,0,1,2
5/4/2010,NE,West Orange,206.8548516,4.732857143,0,0,0,0,0,2,3
5/11/2010,NE,West Orange,142.7446626,4.161428571,0,0,0,0,0,2,3
5/18/2010,NE,West Orange,227.9098627,3.881428571,0,0,0,0,0,2,3
5/25/2010,NE,West Orange,223.912639,4.145,1,0,0,0,0,2,3
6/1/2010,NE,West Orange,220.8650503,3.881428571,1,0,0,0,0,2,3
6/8/2010,NE,West Orange,229.2195013,4.19,1,0,0,0,0,2,3
6/15/2010,NE,West Orange,224.8885371,4.161428571,1,0,0,0,0,2,3
6/22/2010,NE,West Orange,241.5697419,4.161428571,1,0,0,0,0,2,3
6/29/2010,NE,West Orange,230.1004812,4.161428571,1,0,0,0,0,2,3
7/6/2010,NE,West Orange,308.2465856,3.745,1,0,0,0,0,2,3
7/13/2010,NE,West Orange,326.6529461,3.745,1,0,0,0,0,2,3
5/4/2010,NE,White Plains,120.5189929,4.161428571,0,0,0,0,1,1,1
5/11/2010,NE,White Plains,199.315991,4.128571429,0,0,0,0,1,1,1
5/18/2010,NE,White Plains,265.2078074,3.881428571,0,0,0,0,0,1,1
5/25/2010,NE,White Plains,292.620088,3.881428571,1,0,0,0,0,1,1
6/1/2010,NE,White Plains,296.4292752,3.881428571,1,0,0,0,0,1,1
6/8/2010,NE,White Plains,349.2964976,4.125714286,1,0,1,0,0,1,1
6/15/2010,NE,White Plains,284.1236147,4.161428571,1,0,0,1,0,1,1
6/22/2010,NE,White Plains,302.0268244,4.161428571,1,0,0,1,0,1,1
6/29/2010,NE,White Plains,262.657036,4.161428571,1,0,0,1,0,1,1
7/6/2010,NE,White Plains,377.1394765,3.826666667,1,0,0,0,1,1,1
7/13/2010,NE,White Plains,327.8666915,3.518571429,1,0,0,0,1,1,1
5/4/2010,PN,Bellevue,178.2967059,4.836153846,1,0,0,0,0,1,2
5/11/2010,PN,Bellevue,198.50634,4.216666667,1,0,0,0,0,1,2
5/18/2010,PN,Bellevue,329.4543495,4.10875,1,0,0,0,0,1,2
5/25/2010,PN,Bellevue,241.5137053,4.10875,1,0,0,0,0,1,2
6/1/2010,PN,Bellevue,180.8267885,4.10875,1,0,0,0,0,1,2
6/8/2010,PN,Bellevue,226.0958666,4.563333333,1,0,0,0,0,1,2
6/15/2010,PN,Bellevue,257.0299673,4.318571429,1,0,0,0,0,1,2
6/22/2010,PN,Bellevue,751.9271319,4.073333333,1,1,1,0,0,1,2
6/29/2010,PN,Bellevue,789.0918703,3.394,1,1,0,1,0,1,2
7/6/2010,PN,Bellevue,831.144896,3.526875,1,1,0,1,0,1,2
7/13/2010,PN,Bellevue,725.7300701,2.889285714,1,1,0,1,0,1,2
5/4/2010,PN,Bend,222.5226397,4.6775,1,0,0,0,0,0,2
5/11/2010,PN,Bend,242.0328069,4.204285714,1,0,0,0,0,0,2
5/18/2010,PN,Bend,222.5722413,4.2025,1,0,0,0,0,0,2
5/25/2010,PN,Bend,240.3047999,3.578888889,1,0,0,0,0,0,2
6/1/2010,PN,Bend,297.3226069,4.045555556,1,0,0,0,0,0,2
6/8/2010,PN,Bend,214.8118782,4.467777778,1,0,0,0,0,0,2
6/15/2010,PN,Bend,224.8050966,3.701111111,1,0,0,0,0,0,2
6/22/2010,PN,Bend,242.0916627,3.89,1,0,0,0,0,0,2
6/29/2010,PN,Bend,221.6397663,3.758181818,1,0,0,0,0,0,2
7/6/2010,PN,Bend,269.9951777,2.995384615,1,0,0,0,0,0,2
7/13/2010,PN,Bend,320.5851253,2.995384615,1,0,0,0,0,0,2
5/4/2010,PN,Bridgeport,248.6813585,4.573333333,1,0,0,0,0,1,0
5/11/2010,PN,Bridgeport,240.5030592,4.262727273,1,0,0,0,0,1,0
5/18/2010,PN,Bridgeport,278.5546318,4.171818182,1,0,0,0,0,1,0
5/25/2010,PN,Bridgeport,204.6524045,4.198333333,1,0,0,0,0,1,0
6/1/2010,PN,Bridgeport,266.2843547,4.171818182,1,0,0,0,0,1,0
6/8/2010,PN,Bridgeport,175.165358,4.197142857,1,0,0,0,0,1,0
6/15/2010,PN,Bridgeport,280.7123996,3.947142857,1,0,0,0,0,1,0
6/22/2010,PN,Bridgeport,712.7245451,3.182307692,1,1,0,0,0,1,0
6/29/2010,PN,Bridgeport,648.3832487,3.59,1,1,0,0,0,1,0
7/6/2010,PN,Bridgeport,776.2939057,3.315,1,1,0,0,0,1,0
7/13/2010,PN,Bridgeport,737.209163,3.030714286,1,1,0,0,0,1,0
5/4/2010,PN,Fremont,198.7120002,4.59,1,0,0,0,0,2,4
5/11/2010,PN,Fremont,254.849693,4.6775,1,0,0,0,0,2,4
5/18/2010,PN,Fremont,343.5724704,4.2025,1,0,0,0,0,2,4
5/25/2010,PN,Fremont,291.4199813,4.512222222,1,0,0,0,0,2,4
6/1/2010,PN,Fremont,269.0771547,4.2025,1,0,0,0,0,2,4
6/8/2010,PN,Fremont,219.2467251,4.6775,1,0,0,0,0,2,4
6/15/2010,PN,Fremont,325.6134268,4.162727273,1,0,0,0,0,2,4
6/22/2010,PN,Fremont,296.142856,4.667777778,1,0,0,0,0,2,4
6/29/2010,PN,Fremont,260.0377745,3.78,1,0,0,0,0,2,4
7/6/2010,PN,Fremont,159.4744735,3.911666667,1,0,0,0,0,2,4
7/13/2010,PN,Fremont,283.4931507,3.540909091,1,0,0,0,0,2,4
5/4/2010,PN,Mill Plain,340.7244338,4.59,1,0,0,1,0,1,0
5/11/2010,PN,Mill Plain,276.8823536,4.899090909,1,0,0,0,1,1,0
5/18/2010,PN,Mill Plain,469.6665028,4.399090909,1,0,0,0,1,1,0
5/25/2010,PN,Mill Plain,207.851919,4.054285714,1,0,0,0,0,1,0
6/1/2010,PN,Mill Plain,247.3354523,4.054285714,1,0,0,0,0,1,0
6/8/2010,PN,Mill Plain,233.3518879,4.447142857,1,0,0,0,0,1,0
6/15/2010,PN,Mill Plain,247.0040933,4.174615385,1,0,0,0,0,1,0
6/22/2010,PN,Mill Plain,424.7044432,4.447142857,1,0,1,0,0,1,0
6/29/2010,PN,Mill Plain,310.5828647,4.197142857,1,0,0,1,0,1,0
7/6/2010,PN,Mill Plain,347.1168644,3.303076923,1,0,0,1,0,1,0
7/13/2010,PN,Mill Plain,331.3311171,3.637857143,1,0,0,1,0,1,0
5/4/2010,PN,Redmond,219.4842044,4.216666667,1,0,0,0,0,2,3
5/11/2010,PN,Redmond,218.5544314,4.216666667,1,0,0,0,0,2,3
5/18/2010,PN,Redmond,214.9234231,4.09,1,0,0,0,0,2,3
5/25/2010,PN,Redmond,221.3261074,3.79,1,0,0,0,0,2,3
6/1/2010,PN,Redmond,195.6817754,3.697142857,1,0,0,0,0,2,3
6/8/2010,PN,Redmond,218.6769308,4.216666667,1,0,0,0,0,2,3
6/15/2010,PN,Redmond,652.7564418,3.729333333,1,1,0,0,0,2,3
6/22/2010,PN,Redmond,891.0829415,3.594,1,1,1,0,0,2,3
6/29/2010,PN,Redmond,926.0925642,3.268571429,1,1,1,1,0,2,3
7/6/2010,PN,Redmond,787.3333969,3.364666667,1,1,0,1,0,2,3
7/13/2010,PN,Redmond,784.7921193,3.364666667,1,1,0,1,0,2,3
5/4/2010,PN,Roosevelt Square,304.4715796,4.523333333,1,0,0,0,1,3,2
5/11/2010,PN,Roosevelt Square,300.7271195,4.49,1,0,0,0,1,3,2
5/18/2010,PN,Roosevelt Square,222.5322953,4.413076923,1,0,0,0,0,3,2
5/25/2010,PN,Roosevelt Square,189.401626,4.413076923,1,0,0,0,0,3,2
6/1/2010,PN,Roosevelt Square,207.1845553,4.196666667,1,0,0,0,0,3,2
6/8/2010,PN,Roosevelt Square,273.1840676,4.4525,1,0,0,0,0,3,2
6/15/2010,PN,Roosevelt Square,130.9100807,4.4525,1,0,0,0,0,3,2
6/22/2010,PN,Roosevelt Square,824.6369684,4.343125,1,1,1,0,0,3,2
6/29/2010,PN,Roosevelt Square,885.8067046,3.7275,1,1,1,1,0,3,2
7/6/2010,PN,Roosevelt Square,703.0022742,3.713125,1,1,0,1,0,3,2
7/13/2010,PN,Roosevelt Square,772.2077926,3.713125,1,1,0,1,0,3,2
5/4/2010,PN,Tanasbourne,242.7965168,4.573333333,1,0,0,0,0,0,0
5/11/2010,PN,Tanasbourne,176.1363259,4.216666667,1,0,0,0,0,0,0
5/18/2010,PN,Tanasbourne,200.1705101,4.196666667,1,0,0,0,0,0,0
5/25/2010,PN,Tanasbourne,214.1298906,4.083333333,1,0,0,0,0,0,0
6/1/2010,PN,Tanasbourne,298.7739157,4.151538462,1,0,0,0,0,0,0
6/8/2010,PN,Tanasbourne,231.3304401,4.318571429,1,0,0,0,0,0,0
6/15/2010,PN,Tanasbourne,220.2857002,4.174615385,1,0,0,0,0,0,0
6/22/2010,PN,Tanasbourne,173.379717,4.318571429,1,0,0,0,0,0,0
6/29/2010,PN,Tanasbourne,240.3010514,4.197142857,1,0,0,0,0,0,0
7/6/2010,PN,Tanasbourne,194.6995113,3.303076923,1,0,0,0,0,0,0
7/13/2010,PN,Tanasbourne,295.7966175,3.648461538,1,0,0,0,0,0,0
5/4/2010,PN,Westlake,273.2740458,4.216666667,1,0,0,0,0,1,0
5/11/2010,PN,Westlake,228.231998,4.45,1,0,0,0,0,1,0
5/18/2010,PN,Westlake,266.4031208,4.10875,1,0,0,0,0,1,0
5/25/2010,PN,Westlake,288.415271,4.083333333,1,0,0,0,0,1,0
6/1/2010,PN,Westlake,286.6364209,4.083333333,1,0,0,0,0,1,0
6/8/2010,PN,Westlake,258.3053226,4.4525,1,0,0,0,0,1,0
6/15/2010,PN,Westlake,200.3638766,4.197142857,1,0,0,0,0,1,0
6/22/2010,PN,Westlake,247.3135152,4.4525,1,0,1,0,0,1,0
6/29/2010,PN,Westlake,365.7747187,3.947142857,1,0,1,1,0,1,0
7/6/2010,PN,Westlake,314.1579333,3.637857143,1,0,0,1,0,1,0
7/13/2010,PN,Westlake,339.1918064,3.963125,1,0,0,1,0,1,0
5/4/2010,RM,Academy,270.7489,4.29,1,0,0,0,0,1,2
5/11/2010,RM,Academy,314.5058244,4.29,1,0,1,0,0,1,2
5/18/2010,RM,Academy,390.6069792,4.085833333,1,0,0,1,0,1,2
5/25/2010,RM,Academy,249.8623798,4.085833333,1,0,0,1,0,1,2
6/1/2010,RM,Academy,222.0338943,4.793125,1,0,0,1,0,1,2
6/8/2010,RM,Academy,276.3581971,4.147142857,1,0,0,0,1,1,2
6/15/2010,RM,Academy,294.8631814,4.147142857,1,0,0,0,1,1,2
6/22/2010,RM,Academy,383.4558071,4.05,1,0,1,0,0,1,2
6/29/2010,RM,Academy,300.2942446,4.05,1,0,0,1,0,1,2
7/6/2010,RM,Academy,296.7431221,4.581333333,1,0,0,1,0,1,2
7/13/2010,RM,Academy,429.7977657,3.556923077,1,0,0,1,0,1,2
5/4/2010,RM,Belmar,297.217085,4.29,1,0,0,0,0,2,2
5/11/2010,RM,Belmar,268.4055667,4.29,1,0,0,0,0,2,2
5/18/2010,RM,Belmar,206.0279885,4.085833333,1,0,0,0,0,2,2
5/25/2010,RM,Belmar,201.9673415,4.085833333,1,0,0,0,0,2,2
6/1/2010,RM,Belmar,239.7269746,3.84,1,0,0,0,0,2,2
6/8/2010,RM,Belmar,171.3928186,4.259230769,1,0,0,0,0,2,2
6/15/2010,RM,Belmar,172.7455945,4.99,1,0,0,0,0,2,2
6/22/2010,RM,Belmar,379.2041274,3.768571429,1,0,1,0,0,2,2
6/29/2010,RM,Belmar,346.1493803,4.7025,1,0,0,1,0,2,2
7/6/2010,RM,Belmar,371.4853015,3.587857143,1,0,0,1,0,2,2
7/13/2010,RM,Belmar,302.6070852,3.845,1,0,0,1,0,2,2
5/4/2010,RM,Cerrillos (aka Santa Fe),145.7833608,5.39,1,0,0,0,0,1,1
5/11/2010,RM,Cerrillos (aka Santa Fe),309.0527625,5.018571429,1,0,0,0,0,1,1
5/18/2010,RM,Cerrillos (aka Santa Fe),154.5978808,5.215,1,0,0,0,0,1,1
5/25/2010,RM,Cerrillos (aka Santa Fe),247.7256456,4.881666667,1,0,0,0,0,1,1
6/1/2010,RM,Cerrillos (aka Santa Fe),227.9923633,3.966666667,1,0,0,0,0,1,1
6/8/2010,RM,Cerrillos (aka Santa Fe),226.5964968,3.997692308,1,0,0,0,0,1,1
6/15/2010,RM,Cerrillos (aka Santa Fe),233.3152108,4.895882353,1,0,0,0,0,1,1
6/22/2010,RM,Cerrillos (aka Santa Fe),215.2072262,4.9275,1,0,0,0,0,1,1
6/29/2010,RM,Cerrillos (aka Santa Fe),233.4145412,4.316666667,1,0,0,0,0,1,1
7/6/2010,RM,Cerrillos (aka Santa Fe),297.1176923,4.121333333,1,0,0,0,0,1,1
7/13/2010,RM,Cerrillos (aka Santa Fe),258.4623088,4.680666667,1,0,0,0,0,1,1
5/4/2010,RM,Fort Collins,336.2213322,4.317272727,1,0,0,0,1,2,4
5/11/2010,RM,Fort Collins,364.174539,4.523333333,1,0,0,0,1,2,4
5/18/2010,RM,Fort Collins,291.1947988,4.946923077,1,0,1,0,0,2,4
5/25/2010,RM,Fort Collins,279.6296425,4.693846154,1,0,0,1,0,2,4
6/1/2010,RM,Fort Collins,328.5646451,4.843571429,1,0,0,1,0,2,4
6/8/2010,RM,Fort Collins,329.4023282,4.7025,1,0,0,1,0,2,4
6/15/2010,RM,Fort Collins,211.3729347,4.895882353,1,0,0,0,1,2,4
6/22/2010,RM,Fort Collins,428.3501605,4.025714286,1,0,1,0,1,2,4
6/29/2010,RM,Fort Collins,412.7917844,4.836666667,1,0,1,1,0,2,4
7/6/2010,RM,Fort Collins,328.221083,4.247333333,1,0,0,1,0,2,4
7/13/2010,RM,Fort Collins,269.8339893,4.544375,1,0,0,1,0,2,4
5/4/2010,RM,Highlands Ranch,286.1382919,4.062727273,1,0,0,0,0,0,3
5/11/2010,RM,Highlands Ranch,100.0997608,4.723333333,1,0,0,0,0,0,3
5/18/2010,RM,Highlands Ranch,202.2117778,4.094545455,1,0,0,0,0,0,3
5/25/2010,RM,Highlands Ranch,277.0518435,4.058181818,1,0,1,0,0,0,3
6/1/2010,RM,Highlands Ranch,432.8902526,3.84,1,0,1,1,0,0,3
6/8/2010,RM,Highlands Ranch,427.7926261,5.166923077,1,0,1,1,0,0,3
6/15/2010,RM,Highlands Ranch,241.0467439,4.05,1,0,0,1,0,0,3
6/22/2010,RM,Highlands Ranch,556.5500417,3.851538462,1,0,1,1,1,0,3
6/29/2010,RM,Highlands Ranch,309.9996663,3.851538462,1,0,0,1,1,0,3
7/6/2010,RM,Highlands Ranch,409.7356779,4.444285714,1,0,0,1,1,0,3
7/13/2010,RM,Highlands Ranch,347.3582579,4.314666667,1,0,0,1,1,0,3
5/4/2010,RM,Metcalf,305.0494445,4.39,1,0,0,0,0,1,0
5/11/2010,RM,Metcalf,219.6553522,4.34,1,0,0,0,0,1,0
5/18/2010,RM,Metcalf,239.0531673,4.095,1,0,0,0,0,1,0
5/25/2010,RM,Metcalf,249.1404755,3.814,1,0,0,0,0,1,0
6/1/2010,RM,Metcalf,263.4753117,3.814,1,0,0,0,0,1,0
6/8/2010,RM,Metcalf,666.7293515,3.326,1,1,0,0,0,1,0
6/15/2010,RM,Metcalf,711.8649399,3.198666667,1,1,0,0,0,1,0
6/22/2010,RM,Metcalf,328.157804,4.366666667,1,0,0,0,0,1,0
6/29/2010,RM,Metcalf,144.5952204,3.979090909,1,0,0,0,0,1,0
7/6/2010,RM,Metcalf,266.1295672,4.956153846,1,0,0,0,0,1,0
7/13/2010,RM,Metcalf,277.1874677,3.813636364,1,0,0,0,0,1,0
5/4/2010,RM,Pearl,153.9777997,5.018571429,1,0,0,0,0,1,2
5/11/2010,RM,Pearl,232.9148621,5.018571429,1,0,0,0,0,1,2
5/18/2010,RM,Pearl,308.276752,4.463529412,1,0,1,0,0,1,2
5/25/2010,RM,Pearl,272.2057008,5.010588235,1,0,0,1,0,1,2
6/1/2010,RM,Pearl,355.8712457,4.881666667,1,0,0,1,0,1,2
6/8/2010,RM,Pearl,337.1757631,4.832941176,1,0,0,1,0,1,2
6/15/2010,RM,Pearl,361.361552,5.230555556,1,0,1,0,1,1,2
6/22/2010,RM,Pearl,1041.200256,4.083529412,1,1,1,1,1,1,2
6/29/2010,RM,Pearl,753.3879872,4.083529412,1,1,0,1,0,1,2
7/6/2010,RM,Pearl,192.0775977,4.747058824,1,0,0,1,0,1,2
7/13/2010,RM,Pearl,390.6428764,4.148,1,0,0,1,1,1,2
5/4/2010,RM,Pike's Peak,256.2915491,4.499090909,1,0,0,0,0,2,4
5/11/2010,RM,Pike's Peak,184.6793167,5.483333333,1,0,0,0,0,2,4
5/18/2010,RM,Pike's Peak,259.9528676,4.293846154,1,0,0,0,0,2,4
5/25/2010,RM,Pike's Peak,325.8419191,4.058181818,1,0,0,0,0,2,4
6/1/2010,RM,Pike's Peak,291.7726894,4.025,1,0,0,0,0,2,4
6/8/2010,RM,Pike's Peak,126.7189449,6.251538462,1,0,0,0,0,2,4
6/15/2010,RM,Pike's Peak,206.7015335,5.671818182,1,0,0,0,0,2,4
6/22/2010,RM,Pike's Peak,201.9848923,5.666923077,1,0,0,0,0,2,4
6/29/2010,RM,Pike's Peak,303.1977757,3.851538462,1,0,0,0,0,2,4
7/6/2010,RM,Pike's Peak,342.4580283,4.138125,1,0,0,0,0,2,4
7/13/2010,RM,Pike's Peak,189.9242866,4.138125,1,0,0,0,0,2,4
5/4/2010,RM,Superior,192.1469362,4.49,1,0,0,0,0,1,4
5/11/2010,RM,Superior,166.4431242,4.49,1,0,0,0,0,1,4
5/18/2010,RM,Superior,235.7819112,4.163076923,1,0,0,0,0,1,4
5/25/2010,RM,Superior,284.6750146,4.057857143,1,0,0,0,0,1,4
6/1/2010,RM,Superior,214.0750487,3.966666667,1,0,0,0,0,1,4
6/8/2010,RM,Superior,183.7726311,5.443846154,1,0,0,0,0,1,4
6/15/2010,RM,Superior,289.2864213,4.29,1,0,0,0,0,1,4
6/22/2010,RM,Superior,397.1485814,4.29625,1,0,1,0,0,1,4
6/29/2010,RM,Superior,300.0467307,4.403333333,1,0,0,1,0,1,4
7/6/2010,RM,Superior,256.1843862,3.881333333,1,0,0,1,0,1,4
7/13/2010,RM,Superior,318.578289,4.138125,1,0,0,1,0,1,4
5/4/2010,RM,Tamarac,281.7651541,4.062727273,1,0,0,0,0,1,2
5/11/2010,RM,Tamarac,348.4667467,3.851538462,1,0,1,0,0,1,2
5/18/2010,RM,Tamarac,378.7191479,3.593571429,1,0,0,1,0,1,2
5/25/2010,RM,Tamarac,360.3041565,4.643125,1,0,0,1,0,1,2
6/1/2010,RM,Tamarac,342.7633553,4.773333333,1,0,0,1,0,1,2
6/8/2010,RM,Tamarac,360.5946499,5.454285714,1,0,0,0,1,1,2
6/15/2010,RM,Tamarac,283.6937635,4.483333333,1,0,0,0,1,1,2
6/22/2010,RM,Tamarac,248.0364411,4.759230769,1,0,0,0,0,1,2
6/29/2010,RM,Tamarac,378.9675755,3.768571429,1,0,1,0,0,1,2
7/6/2010,RM,Tamarac,270.2068727,4.950625,1,0,0,1,0,1,2
7/13/2010,RM,Tamarac,305.5005689,4.486666667,1,0,0,1,0,1,2
5/4/2010,SO,Alpharetta (aka Alpharetta Harry's),194.9434358,4.047142857,0,0,0,0,0,2,3
5/11/2010,SO,Alpharetta (aka Alpharetta Harry's),130.5952907,3.64,0,0,0,0,0,2,3
5/18/2010,SO,Alpharetta (aka Alpharetta Harry's),232.0223217,3.765,0,0,0,0,0,2,3
5/25/2010,SO,Alpharetta (aka Alpharetta Harry's),212.9553176,3.55,0,0,0,0,0,2,3
6/1/2010,SO,Alpharetta (aka Alpharetta Harry's),162.3405292,3.534444444,0,0,0,0,0,2,3
6/8/2010,SO,Alpharetta (aka Alpharetta Harry's),196.1859158,3.861428571,0,0,0,0,0,2,3
6/15/2010,SO,Alpharetta (aka Alpharetta Harry's),189.9702217,3.64,0,0,0,0,0,2,3
6/22/2010,SO,Alpharetta (aka Alpharetta Harry's),218.3732528,3.845555556,0,0,0,0,0,2,3
6/29/2010,SO,Alpharetta (aka Alpharetta Harry's),116.2538935,4.0275,0,0,0,0,0,2,3
7/6/2010,SO,Alpharetta (aka Alpharetta Harry's),244.4144613,3.625555556,0,0,0,0,0,2,3
7/13/2010,SO,Alpharetta (aka Alpharetta Harry's),259.7984535,3.7875,0,0,0,0,0,2,3
5/4/2010,SO,Cobb (aka Cobb Harry's),87.77358444,4.047142857,0,0,0,0,0,0,4
5/11/2010,SO,Cobb (aka Cobb Harry's),245.9335243,3.715,0,0,0,0,0,0,4
5/18/2010,SO,Cobb (aka Cobb Harry's),210.6833819,3.55,0,0,0,0,0,0,4
5/25/2010,SO,Cobb (aka Cobb Harry's),178.4884674,3.456666667,0,0,0,0,0,0,4
6/1/2010,SO,Cobb (aka Cobb Harry's),167.6050265,3.645555556,0,0,0,0,0,0,4
6/8/2010,SO,Cobb (aka Cobb Harry's),198.3574886,3.64,0,0,0,0,0,0,4
6/15/2010,SO,Cobb (aka Cobb Harry's),238.0936148,3.944545455,0,0,0,0,0,0,4
6/22/2010,SO,Cobb (aka Cobb Harry's),175.3141936,3.9775,0,0,0,0,0,0,4
6/29/2010,SO,Cobb (aka Cobb Harry's),191.4071879,4.565,0,0,0,0,0,0,4
7/6/2010,SO,Cobb (aka Cobb Harry's),145.2813178,3.625555556,0,0,0,0,0,0,4
7/13/2010,SO,Cobb (aka Cobb Harry's),275.5621188,3.44,0,0,0,0,0,0,4
5/4/2010,SO,Duluth,230.1112287,3.804285714,0,0,0,0,0,1,3
5/11/2010,SO,Duluth,168.7287995,3.432857143,0,0,0,0,0,1,3
5/18/2010,SO,Duluth,245.150879,3.456666667,0,0,0,0,0,1,3
5/25/2010,SO,Duluth,228.7583767,3.456666667,0,0,0,0,0,1,3
6/1/2010,SO,Duluth,79.24358504,3.456666667,0,0,0,0,0,1,3
6/8/2010,SO,Duluth,177.1364919,3.556666667,0,0,0,0,0,1,3
6/15/2010,SO,Duluth,212.0271455,3.556666667,0,0,0,0,0,1,3
6/22/2010,SO,Duluth,189.0860293,3.664444444,0,0,0,0,0,1,3
6/29/2010,SO,Duluth,140.5762642,3.69,0,0,0,0,0,1,3
7/6/2010,SO,Duluth,167.7746122,3.44,0,0,0,0,0,1,3
7/13/2010,SO,Duluth,249.0887558,3.57875,0,0,0,0,0,1,3
5/4/2010,SO,Green Hills,184.1811936,4.07,0,0,0,0,0,0,5
5/11/2010,SO,Green Hills,152.8483826,3.944545455,0,0,0,0,0,0,5
5/18/2010,SO,Green Hills,180.3436554,3.848333333,0,0,0,0,0,0,5
5/25/2010,SO,Green Hills,177.0758395,3.848333333,0,0,0,0,0,0,5
6/1/2010,SO,Green Hills,181.7423766,3.953636364,0,0,0,0,0,0,5
6/8/2010,SO,Green Hills,138.4189295,3.948333333,0,0,0,0,0,0,5
6/15/2010,SO,Green Hills,215.0055915,3.948333333,0,0,0,0,0,0,5
6/22/2010,SO,Green Hills,253.087219,4.0175,0,0,0,0,0,0,5
6/29/2010,SO,Green Hills,178.8585679,3.780909091,0,0,0,0,0,0,5
7/6/2010,SO,Green Hills,174.9881632,3.828333333,0,0,0,0,0,0,5
7/13/2010,SO,Green Hills,168.4589126,3.540909091,0,0,0,0,0,0,5
5/4/2010,SO,Mountain Brook,233.716997,3.99,0,0,0,0,0,1,1
5/11/2010,SO,Mountain Brook,149.6202612,4.04,0,0,0,0,0,1,1
5/18/2010,SO,Mountain Brook,164.8923113,3.848333333,0,0,0,0,0,1,1
5/25/2010,SO,Mountain Brook,212.5947606,3.848333333,0,0,0,0,0,1,1
6/1/2010,SO,Mountain Brook,223.9997208,3.756666667,0,0,0,0,0,1,1
6/8/2010,SO,Mountain Brook,265.7610675,3.665,0,0,0,0,0,1,1
6/15/2010,SO,Mountain Brook,157.2552266,3.6,0,0,0,0,0,1,1
6/22/2010,SO,Mountain Brook,178.6871631,4.165454545,0,0,0,0,0,1,1
6/29/2010,SO,Mountain Brook,277.6188584,5.096666667,0,0,0,0,0,1,1
7/6/2010,SO,Mountain Brook,325.6541729,3.491818182,0,0,0,0,0,1,1
7/13/2010,SO,Mountain Brook,231.0152963,3.496,0,0,0,0,0,1,1
5/4/2010,SO,Ponce de Lyon,196.7857801,4.047142857,0,0,0,0,0,2,2
5/11/2010,SO,Ponce de Lyon,146.2101817,3.743,0,0,0,0,0,2,2
5/18/2010,SO,Ponce de Lyon,139.5469623,3.642,0,0,0,0,0,2,2
5/25/2010,SO,Ponce de Lyon,72.62767696,3.55,0,0,0,0,0,2,2
6/1/2010,SO,Ponce de Lyon,234.8574271,3.55,0,0,0,0,0,2,2
6/8/2010,SO,Ponce de Lyon,236.2878958,3.745555556,0,0,0,0,0,2,2
6/15/2010,SO,Ponce de Lyon,141.778699,3.745555556,0,0,0,0,0,2,2
6/22/2010,SO,Ponce de Lyon,232.5816781,3.847777778,0,0,0,0,0,2,2
6/29/2010,SO,Ponce de Lyon,168.7548153,3.921,0,0,0,0,0,2,2
7/6/2010,SO,Ponce de Lyon,232.5123325,3.496,0,0,0,0,0,2,2
7/13/2010,SO,Ponce de Lyon,247.6113009,3.496,0,0,0,0,0,2,2
5/4/2010,SO,West Paces Ferry,123.5087106,4.367777778,0,0,0,0,0,1,2
5/11/2010,SO,West Paces Ferry,203.7445259,4.367777778,0,0,0,0,0,1,2
5/18/2010,SO,West Paces Ferry,226.2086018,3.848333333,0,0,0,0,0,1,2
5/25/2010,SO,West Paces Ferry,196.6162354,3.848333333,0,0,0,0,0,1,2
6/1/2010,SO,West Paces Ferry,156.1554233,3.848333333,0,0,0,0,0,1,2
6/8/2010,SO,West Paces Ferry,172.8251304,3.948333333,0,0,0,0,0,1,2
6/15/2010,SO,West Paces Ferry,195.4712164,3.948333333,0,0,0,0,0,1,2
6/22/2010,SO,West Paces Ferry,190.3194575,4.023333333,0,0,0,0,0,1,2
6/29/2010,SO,West Paces Ferry,58.14058246,4.171818182,0,0,0,0,0,1,2
7/6/2010,SO,West Paces Ferry,201.3611858,3.828333333,0,0,0,0,0,1,2
7/13/2010,SO,West Paces Ferry,236.7213849,3.828333333,0,0,0,0,0,1,2
5/4/2010,SP,Arroyo,291.0121386,5.171818182,1,0,0,1,0,3,2
5/11/2010,SP,Arroyo,392.0038694,4.804285714,1,0,0,0,1,3,2
5/18/2010,SP,Arroyo,232.2417597,4.684615385,1,0,0,0,1,3,2
5/25/2010,SP,Arroyo,278.4873602,4.357142857,1,0,0,0,0,3,2
6/1/2010,SP,Arroyo,240.1692755,4.193333333,1,0,0,0,0,3,2
6/8/2010,SP,Arroyo,229.2211912,4.943076923,1,0,0,0,0,3,2
6/15/2010,SP,Arroyo,226.5917247,4.856666667,1,0,1,0,0,3,2
6/22/2010,SP,Arroyo,300.1345327,4.856666667,1,0,0,1,0,3,2
6/29/2010,SP,Arroyo,457.336718,4.79,1,0,1,1,0,3,2
7/6/2010,SP,Arroyo,368.986455,3.910909091,1,0,0,1,0,3,2
7/13/2010,SP,Arroyo,409.1115262,4.307692308,1,0,0,1,1,3,2
5/4/2010,SP,Fairfax,193.0711158,4.823333333,1,0,0,0,0,2,1
5/11/2010,SP,Fairfax,263.6401684,4.823333333,1,0,0,0,0,2,1
5/18/2010,SP,Fairfax,176.2741197,4.475833333,1,0,0,0,0,2,1
5/25/2010,SP,Fairfax,223.0540922,4.200714286,1,0,0,0,0,2,1
6/1/2010,SP,Fairfax,164.6395453,4.343125,1,0,0,0,0,2,1
6/8/2010,SP,Fairfax,248.9408807,4.554375,1,0,0,0,0,2,1
6/15/2010,SP,Fairfax,373.2320668,4.62125,1,0,1,0,0,2,1
6/22/2010,SP,Fairfax,338.1603048,4.62125,1,0,0,1,0,2,1
6/29/2010,SP,Fairfax,415.114452,4.62125,1,0,0,1,0,2,1
7/6/2010,SP,Fairfax,302.5293925,4.286875,1,0,0,1,0,2,1
7/13/2010,SP,Fairfax,287.386447,4.248125,1,0,0,0,1,2,1
5/4/2010,SP,Fort Apache,347.9172154,4.659230769,1,0,0,0,1,1,2
5/11/2010,SP,Fort Apache,203.7967894,4.396666667,1,0,0,0,1,1,2
5/18/2010,SP,Fort Apache,241.4623114,4.153076923,1,0,0,0,0,1,2
5/25/2010,SP,Fort Apache,233.1193047,4.1,1,0,0,0,0,1,2
6/1/2010,SP,Fort Apache,206.841885,4.142857143,1,0,0,0,0,1,2
6/8/2010,SP,Fort Apache,268.0085595,4.329285714,1,0,0,0,0,1,2
6/15/2010,SP,Fort Apache,340.7622681,4.331666667,1,0,0,0,0,1,2
6/22/2010,SP,Fort Apache,299.3513816,4.305384615,1,0,0,0,0,1,2
6/29/2010,SP,Fort Apache,398.9739902,4.44,1,0,1,0,0,1,2
7/6/2010,SP,Fort Apache,317.9031757,3.88,1,0,0,1,0,1,2
7/13/2010,SP,Fort Apache,343.4210421,3.846153846,1,0,0,1,0,1,2
5/4/2010,SP,Glendale,280.8036126,5.066923077,1,0,0,0,1,2,5
5/11/2010,SP,Glendale,335.6413556,4.62125,1,0,0,0,1,2,5
5/18/2010,SP,Glendale,253.8211088,4.130666667,1,0,0,0,0,2,5
5/25/2010,SP,Glendale,295.8069826,4.1,1,0,0,0,0,2,5
6/1/2010,SP,Glendale,252.1597575,4.142857143,1,0,0,0,0,2,5
6/8/2010,SP,Glendale,184.0866571,4.314666667,1,0,0,0,0,2,5
6/15/2010,SP,Glendale,328.6108293,4.396666667,1,0,0,0,0,2,5
6/22/2010,SP,Glendale,360.3764687,4.62125,1,0,1,0,0,2,5
6/29/2010,SP,Glendale,290.5881824,4.897142857,1,0,0,1,0,2,5
7/6/2010,SP,Glendale,317.5072091,4.2725,1,0,0,1,0,2,5
7/13/2010,SP,Glendale,304.3520978,4.202666667,1,0,0,1,0,2,5
5/4/2010,SP,Henderson,401.5022285,4.659230769,1,0,0,0,1,0,4
5/11/2010,SP,Henderson,375.915065,4.482307692,1,0,0,0,1,0,4
5/18/2010,SP,Henderson,237.3024704,4.117333333,1,0,0,0,0,0,4
5/25/2010,SP,Henderson,189.9912164,4.1,1,0,0,0,0,0,4
6/1/2010,SP,Henderson,218.7739101,4.14,1,0,0,0,0,0,4
6/8/2010,SP,Henderson,255.9537756,4.200714286,1,0,0,0,0,0,4
6/15/2010,SP,Henderson,188.0967572,4.316923077,1,0,0,0,0,0,4
6/22/2010,SP,Henderson,290.1191773,4.142857143,1,0,0,0,0,0,4
6/29/2010,SP,Henderson,357.7213085,4.069166667,1,0,1,0,0,0,4
7/6/2010,SP,Henderson,367.787961,3.984615385,1,0,0,1,0,0,4
7/13/2010,SP,Henderson,388.2466966,4.2525,1,0,0,1,0,0,4
5/4/2010,SP,Jamboree,256.5522887,4.899090909,1,0,0,0,1,1,2
5/11/2010,SP,Jamboree,325.7187627,4.396666667,1,0,0,0,1,1,2
5/18/2010,SP,Jamboree,247.1378067,4.147333333,1,0,0,0,0,1,2
5/25/2010,SP,Jamboree,256.5371005,4.1,1,0,0,0,0,1,2
6/1/2010,SP,Jamboree,254.0363967,4.1,1,0,0,0,0,1,2
6/8/2010,SP,Jamboree,335.1403373,4.455,1,0,0,0,0,1,2
6/15/2010,SP,Jamboree,254.0950103,4.396666667,1,0,0,0,0,1,2
6/22/2010,SP,Jamboree,327.0230729,4.345333333,1,0,1,0,0,1,2
6/29/2010,SP,Jamboree,301.2546961,4.396666667,1,0,0,1,0,1,2
7/6/2010,SP,Jamboree,333.5467609,4.286875,1,0,0,1,0,1,2
7/13/2010,SP,Jamboree,309.2731764,4.248125,1,0,0,1,0,1,2
5/4/2010,SP,Las Vegas Blvd,287.3501987,3.998333333,1,0,0,0,1,0,1
5/11/2010,SP,Las Vegas Blvd,296.9613698,4.14,1,0,0,0,1,0,1
5/18/2010,SP,Las Vegas Blvd,305.4853658,3.927272727,1,0,0,0,0,0,1
5/25/2010,SP,Las Vegas Blvd,295.2020448,3.894545455,1,0,0,0,0,0,1
6/1/2010,SP,Las Vegas Blvd,224.869067,3.894545455,1,0,0,0,0,0,1
6/8/2010,SP,Las Vegas Blvd,212.9096596,4.083636364,1,0,0,0,0,0,1
6/15/2010,SP,Las Vegas Blvd,274.8006182,4.074615385,1,0,0,0,0,0,1
6/22/2010,SP,Las Vegas Blvd,413.5860026,4.14,1,0,1,0,0,0,1
6/29/2010,SP,Las Vegas Blvd,279.5398347,4.074615385,1,0,0,1,0,0,1
7/6/2010,SP,Las Vegas Blvd,250.6087144,3.730714286,1,0,0,1,0,0,1
7/13/2010,SP,Las Vegas Blvd,273.2801476,3.615384615,1,0,0,1,0,0,1
5/4/2010,SP,Pacific Coast Highway (aka El Segundo),274.4894229,4.518571429,1,0,0,1,0,1,1
5/11/2010,SP,Pacific Coast Highway (aka El Segundo),215.1756139,4.62125,1,0,0,0,1,1,1
5/18/2010,SP,Pacific Coast Highway (aka El Segundo),359.2412519,4.371875,1,0,0,0,1,1,1
5/25/2010,SP,Pacific Coast Highway (aka El Segundo),184.3271551,4.343125,1,0,0,0,0,1,1
6/1/2010,SP,Pacific Coast Highway (aka El Segundo),232.6219198,4.1,1,0,0,0,0,1,1
6/8/2010,SP,Pacific Coast Highway (aka El Segundo),223.7068304,4.55,1,0,0,0,0,1,1
6/15/2010,SP,Pacific Coast Highway (aka El Segundo),219.0693004,4.62125,1,0,0,0,0,1,1
6/22/2010,SP,Pacific Coast Highway (aka El Segundo),367.810426,4.62125,1,0,1,0,0,1,1
6/29/2010,SP,Pacific Coast Highway (aka El Segundo),364.8826906,4.62125,1,0,0,1,0,1,1
7/6/2010,SP,Pacific Coast Highway (aka El Segundo),301.4910536,4.280625,1,0,0,1,0,1,1
7/13/2010,SP,Pacific Coast Highway (aka El Segundo),430.6355727,4.265333333,1,0,0,1,0,1,1
5/4/2010,SP,Pasadena,299.2009099,4.89,1,0,0,0,1,2,3
5/11/2010,SP,Pasadena,268.3650651,4.566363636,1,0,0,0,1,2,3
5/18/2010,SP,Pasadena,198.9492571,4.75,1,0,0,0,0,2,3
5/25/2010,SP,Pasadena,199.7395647,4.273571429,1,0,0,0,0,2,3
6/1/2010,SP,Pasadena,285.3017533,4.521428571,1,0,0,0,0,2,3
6/8/2010,SP,Pasadena,199.9368022,4.246666667,1,0,0,0,0,2,3
6/15/2010,SP,Pasadena,162.8218999,4.79,1,0,0,0,0,2,3
6/22/2010,SP,Pasadena,289.6219135,4.613076923,1,0,0,0,0,2,3
6/29/2010,SP,Pasadena,347.1103786,4.583076923,1,0,1,0,0,2,3
7/6/2010,SP,Pasadena,299.1688665,4.198333333,1,0,0,1,0,2,3
7/13/2010,SP,Pasadena,318.7492476,4.265333333,1,0,0,1,0,2,3
5/4/2010,SP,Thousand Oaks,333.1326551,4.878888889,1,0,0,0,1,3,1
5/11/2010,SP,Thousand Oaks,338.337628,4.387857143,1,0,0,0,1,3,1
5/18/2010,SP,Thousand Oaks,265.799996,4.006428571,1,0,0,0,0,3,1
5/25/2010,SP,Thousand Oaks,306.0177666,4.218461538,1,0,0,0,0,3,1
6/1/2010,SP,Thousand Oaks,253.19727,4.077692308,1,0,0,0,0,3,1
6/8/2010,SP,Thousand Oaks,208.3868391,4.358461538,1,0,0,0,0,3,1
6/15/2010,SP,Thousand Oaks,273.3076362,4.523333333,1,0,0,0,0,3,1
6/22/2010,SP,Thousand Oaks,326.5114046,4.382307692,1,0,1,0,0,3,1
6/29/2010,SP,Thousand Oaks,357.980131,4.523333333,1,0,0,1,0,3,1
7/6/2010,SP,Thousand Oaks,364.2968687,3.742142857,1,0,0,1,0,3,1
7/13/2010,SP,Thousand Oaks,275.775436,3.927857143,1,0,0,1,0,3,1
5/4/2010,SP,Valencia,223.5999838,4.808181818,1,0,0,1,0,2,4
5/11/2010,SP,Valencia,317.0345862,4.808181818,1,0,0,0,1,2,4
5/18/2010,SP,Valencia,331.3319399,4.558181818,1,0,0,0,1,2,4
5/25/2010,SP,Valencia,253.2037769,4.579285714,1,0,0,0,0,2,4
6/1/2010,SP,Valencia,281.968653,4.579285714,1,0,0,0,0,2,4
6/8/2010,SP,Valencia,236.2054513,4.891538462,1,0,0,0,0,2,4
6/15/2010,SP,Valencia,209.2581332,4.713076923,1,0,0,0,0,2,4
6/22/2010,SP,Valencia,258.2593467,4.881666667,1,0,0,0,0,2,4
6/29/2010,SP,Valencia,288.5300537,5.080909091,1,0,1,0,0,2,4
7/6/2010,SP,Valencia,261.4021524,3.908333333,1,0,0,1,0,2,4
7/13/2010,SP,Valencia,312.3327822,4.142142857,1,0,0,1,0,2,4
5/4/2010,SP,Woodland Hills,246.8424503,4.734444444,1,0,0,1,0,1,5
5/11/2010,SP,Woodland Hills,392.3967031,4.3,1,0,0,0,1,1,5
5/18/2010,SP,Woodland Hills,312.2489459,3.953,1,0,0,0,1,1,5
5/25/2010,SP,Woodland Hills,171.1044362,4.093333333,1,0,0,0,0,1,5
6/1/2010,SP,Woodland Hills,250.1819693,4.26875,1,0,0,0,0,1,5
6/8/2010,SP,Woodland Hills,163.3334828,4.4,1,0,0,0,0,1,5
6/15/2010,SP,Woodland Hills,332.5123983,4.767777778,1,0,0,0,0,1,5
6/22/2010,SP,Woodland Hills,231.7754682,4.99,1,0,0,0,0,1,5
6/29/2010,SP,Woodland Hills,316.4077586,5.156666667,1,0,1,0,0,1,5
7/6/2010,SP,Woodland Hills,261.5629258,4.95,1,0,0,1,0,1,5
7/13/2010,SP,Woodland Hills,324.3810472,4.95,1,0,0,1,0,1,5
5/4/2010,SW,Alamo Quarry,186.9463443,4.39,0,0,0,0,0,0,4
5/11/2010,SW,Alamo Quarry,179.850246,4.39,0,0,0,0,0,0,4
5/18/2010,SW,Alamo Quarry,133.8530472,3.84,0,0,0,0,0,0,4
5/25/2010,SW,Alamo Quarry,202.4187895,3.751538462,0,0,0,0,0,0,4
6/1/2010,SW,Alamo Quarry,235.2340126,3.675714286,0,0,0,0,0,0,4
6/8/2010,SW,Alamo Quarry,145.6380571,4.804285714,0,0,0,0,0,0,4
6/15/2010,SW,Alamo Quarry,179.2646141,4.26,0,0,0,0,0,0,4
6/22/2010,SW,Alamo Quarry,220.7963916,4.631176471,0,0,0,0,0,0,4
6/29/2010,SW,Alamo Quarry,199.0246479,4.631176471,0,0,0,0,0,0,4
7/6/2010,SW,Alamo Quarry,113.1367834,4.421176471,0,0,0,0,0,0,4
7/13/2010,SW,Alamo Quarry,158.6957293,4.073125,0,0,0,0,0,0,4
5/4/2010,SW,Bellaire,202.1458167,4.561428571,0,0,0,0,0,2,2
5/11/2010,SW,Bellaire,52.21314579,4.561428571,0,0,0,0,0,2,2
5/18/2010,SW,Bellaire,207.0588104,3.918571429,0,0,0,0,0,2,2
5/25/2010,SW,Bellaire,152.8762389,3.906666667,0,0,0,0,0,2,2
6/1/2010,SW,Bellaire,196.047163,3.906666667,0,0,0,0,0,2,2
6/8/2010,SW,Bellaire,119.1376866,4.49,0,0,0,0,0,2,2
6/15/2010,SW,Bellaire,195.4775306,4.561428571,0,0,0,0,0,2,2
6/22/2010,SW,Bellaire,225.2512827,4.434444444,0,0,0,0,0,2,2
6/29/2010,SW,Bellaire,114.9439618,4.49,0,0,0,0,0,2,2
7/6/2010,SW,Bellaire,170.2802054,4.347142857,0,0,0,0,0,2,2
7/13/2010,SW,Bellaire,223.1065595,4.347142857,0,0,0,0,0,2,2
5/4/2010,SW,Forest,237.3954785,4.656666667,0,0,0,0,0,1,3
5/11/2010,SW,Forest,127.587486,4.656666667,0,0,0,0,0,1,3
5/18/2010,SW,Forest,225.1290559,4.073333333,0,0,0,0,0,1,3
5/25/2010,SW,Forest,180.1753182,4.073333333,0,0,0,0,0,1,3
6/1/2010,SW,Forest,243.5463792,3.99,0,0,0,0,0,1,3
6/8/2010,SW,Forest,237.6044792,4.561428571,0,0,0,0,0,1,3
6/15/2010,SW,Forest,191.1237226,3.99,0,0,0,0,0,1,3
6/22/2010,SW,Forest,254.3204355,3.99,0,0,0,0,0,1,3
6/29/2010,SW,Forest,217.8573672,3.99,0,0,0,0,0,1,3
7/6/2010,SW,Forest,200.9512677,4.39,0,0,0,0,0,1,3
7/13/2010,SW,Forest,120.8505205,4.39,0,0,0,0,0,1,3
5/4/2010,SW,Lamar,273.493827,4.39,0,0,0,0,0,0,5
5/11/2010,SW,Lamar,92.08858071,4.39,0,0,0,0,0,0,5
5/18/2010,SW,Lamar,213.7508878,3.84,0,0,0,0,0,0,5
5/25/2010,SW,Lamar,132.5434879,3.84,0,0,0,0,0,0,5
6/1/2010,SW,Lamar,218.026278,3.944545455,0,0,0,0,0,0,5
6/8/2010,SW,Lamar,227.0336002,4.717272727,0,0,0,0,0,0,5
6/15/2010,SW,Lamar,85.51424967,4.717272727,0,0,0,0,0,0,5
6/22/2010,SW,Lamar,126.2558413,4.717272727,0,0,0,0,0,0,5
6/29/2010,SW,Lamar,201.41866,4.717272727,0,0,0,0,0,0,5
7/6/2010,SW,Lamar,108.8838729,4.535454545,0,0,0,0,0,0,5
7/13/2010,SW,Lamar,206.9046291,4.535454545,0,0,0,0,0,0,5
5/4/2010,SW,Parkway (aka Arlington),131.669753,3.99,0,0,0,0,0,2,1
5/11/2010,SW,Parkway (aka Arlington),140.282133,3.99,0,0,0,0,0,2,1
5/18/2010,SW,Parkway (aka Arlington),187.4027,3.74,0,0,0,0,0,2,1
5/25/2010,SW,Parkway (aka Arlington),190.1076577,3.74,0,0,0,0,0,2,1
6/1/2010,SW,Parkway (aka Arlington),148.6690948,3.74,0,0,0,0,0,2,1
6/8/2010,SW,Parkway (aka Arlington),174.0138919,4.434444444,0,0,0,0,0,2,1
6/15/2010,SW,Parkway (aka Arlington),230.1678094,3.99,0,0,0,0,0,2,1
6/22/2010,SW,Parkway (aka Arlington),103.5966979,3.99,0,0,0,0,0,2,1
6/29/2010,SW,Parkway (aka Arlington),181.2512756,3.99,0,0,0,0,0,2,1
7/6/2010,SW,Parkway (aka Arlington),134.4258268,4.59,0,0,0,0,0,2,1
7/13/2010,SW,Parkway (aka Arlington),143.3920606,4.59,0,0,0,0,0,2,1
5/4/2010,SW,Plano,136.5086726,3.99,0,0,0,0,0,1,1
5/11/2010,SW,Plano,221.5817342,3.99,0,0,0,0,0,1,1
5/18/2010,SW,Plano,231.2514516,3.775714286,0,0,0,0,0,1,1
5/25/2010,SW,Plano,136.0113361,3.775714286,0,0,0,0,0,1,1
6/1/2010,SW,Plano,213.8200181,3.704285714,0,0,0,0,0,1,1
6/8/2010,SW,Plano,155.7185724,3.99,0,0,0,0,0,1,1
6/15/2010,SW,Plano,196.5787937,3.99,0,0,0,0,0,1,1
6/22/2010,SW,Plano,147.8941272,3.99,0,0,0,0,0,1,1
6/29/2010,SW,Plano,218.2204001,3.99,0,0,0,0,0,1,1
7/6/2010,SW,Plano,182.4142187,3.775714286,0,0,0,0,0,1,1
7/13/2010,SW,Plano,114.825828,3.775714286,0,0,0,0,0,1,1
5/4/2010,SW,Veterans,81.34604444,4.39,0,0,0,0,0,0,1
5/11/2010,SW,Veterans,292.9571058,4.39,0,0,0,0,0,0,1
5/18/2010,SW,Veterans,113.4574578,3.84,0,0,0,0,0,0,1
5/25/2010,SW,Veterans,200.7552601,3.84,0,0,0,0,0,0,1
6/1/2010,SW,Veterans,254.3596087,3.84,0,0,0,0,0,0,1
6/8/2010,SW,Veterans,201.0292579,4.39,0,0,0,0,0,0,1
6/15/2010,SW,Veterans,192.685157,4.39,0,0,0,0,0,0,1
6/22/2010,SW,Veterans,173.7208819,4.39,0,0,0,0,0,0,1
6/29/2010,SW,Veterans,278.5828716,4.39,0,0,0,0,0,0,1
7/6/2010,SW,Veterans,122.2297675,4.19,0,0,0,0,0,0,1
7/13/2010,SW,Veterans,166.8930258,4.19,0,0,0,0,0,0,1
